Date,AAPL,MSFT,GOOGL,AMZN,NVDA,SPY
2021-01-04,143301900,37130100,37324000,88228000,560640000,110210800
2021-01-05,97664900,23823000,20360000,53110000,322760000,66426200
2021-01-06,155088000,35930700,46588000,87896000,580424000,107997700
2021-01-07,109578200,27694500,41936000,70290000,461480000,68766800
2021-01-08,105158200,22956200,35484000,70754000,292528000,71677200
2021-01-11,100384500,23031300,34796000,73668000,518344000,51034700
2021-01-12,91951100,23249300,29528000,70292000,291476000,52547700
2021-01-13,88636800,20087100,23432000,66424000,210028000,45303600
2021-01-14,90221800,29480800,29212000,61418000,283120000,49989100
2021-01-15,111598500,31746500,31444000,84880000,277780000,107160000
2021-01-19,90757300,30480900,41660000,66102000,226188000,51233300
2021-01-20,104319500,37777300,64152000,106196000,258572000,61836100
2021-01-21,120150900,30709400,58634000,98722000,337780000,47840100
2021-01-22,114459400,30172700,32744000,56438000,246820000,52860500
2021-01-25,157611700,33152100,50586000,74996000,251112000,70402000
2021-01-26,98390600,49169600,31462000,59104000,163980000,42665300
2021-01-27,140843800,69870600,82512000,93204000,371272000,123351100
2021-01-28,142621100,49111200,55278000,62984000,228316000,94198100
2021-01-29,177523800,42503100,44530000,85872000,271552000,126765100
2021-02-01,106239800,33314200,40252000,83204000,217204000,75817600
2021-02-02,83305400,25916300,66332000,141972000,220440000,64450700
2021-02-03,89880900,27158100,97882000,141776000,245408000,52427100
2021-02-04,84183100,25296100,48596000,73414000,201340000,47142600
2021-02-05,75693800,18054800,29866000,72416000,169152000,48669800
2021-02-08,71297200,22211900,28828000,65148000,434624000,38365200
2021-02-09,76774200,23565000,21892000,44070000,287560000,35551100
2021-02-10,73046600,22186700,25102000,63032000,485352000,59154400
2021-02-11,64280000,15751100,20480000,46028000,450828000,42913300
2021-02-12,60145100,16561100,18990000,46706000,374756000,50593300
2021-02-16,80576300,26728500,31004000,51494000,321960000,50972400
2021-02-17,97918500,21653500,20294000,65950000,274756000,52290600
2021-02-18,96856700,16925600,22546000,60548000,233868000,59712800
2021-02-19,87668800,25262600,37938000,86104000,271724000,83241000
2021-02-22,103916400,36446900,29466000,70314000,325884000,67414200
2021-02-23,158273000,30228700,34658000,93544000,391780000,107284100
2021-02-24,111039900,26339700,22608000,60226000,448320000,72433900
2021-02-25,148199500,39542200,41548000,90676000,824436000,146670500
2021-02-26,164560400,37819200,40042000,85518000,500932000,152701600
2021-03-01,116307900,25324000,26060000,54582000,353184000,105348800
2021-03-02,102260900,22812500,25564000,51916000,264116000,79595300
2021-03-03,112966300,34029500,33892000,79774000,377592000,119940200
2021-03-04,178155000,44727800,49216000,109632000,573344000,183433000
2021-03-05,153766600,41872800,53100000,107772000,542840000,152039600
2021-03-08,154376600,35267400,36868000,83700000,543112000,123149200
2021-03-09,129525800,33080500,33920000,80600000,521824000,113633600
2021-03-10,111943300,29746800,27100000,60250000,384376000,109899400
2021-03-11,103026500,29907600,27702000,55528000,299916000,86245000
2021-03-12,88105100,22653700,33818000,48438000,243964000,64653600
2021-03-15,92403800,26034900,26168000,58272000,221988000,73427200
2021-03-16,115227900,28092200,31900000,50776000,272128000,73722500
2021-03-17,111932600,29562100,26382000,62372000,243864000,97959300
2021-03-18,121229700,34833000,31700000,72992000,293896000,115349100
2021-03-19,185549500,46430700,46072000,92508000,299208000,113624500
2021-03-22,111912300,30127000,33536000,58044000,297804000,73778600
2021-03-23,95467100,31638400,28510000,76346000,222048000,90686600
2021-03-24,88530500,25620100,25218000,59180000,245840000,97588600
2021-03-25,98844700,34061900,35616000,71270000,295144000,116128600
2021-03-26,94071200,25479900,27978000,66258000,363968000,114409100
2021-03-29,80819200,25227500,26492000,54920000,273520000,108107600
2021-03-30,85671900,24792000,27312000,46752000,200204000,76262200
2021-03-31,118323800,43623500,42570000,61878000,314776000,112734200
2021-04-01,75089100,30338000,39880000,58806000,308276000,99682900
2021-04-05,88651200,36910600,48510000,66698000,255672000,91684800
2021-04-06,80171300,22931900,35240000,50756000,191744000,62021000
2021-04-07,83466700,22719800,24134000,66924000,251284000,55836300
2021-04-08,88844600,23625200,28664000,56242000,244416000,57863100
2021-04-09,106686700,24326800,26146000,86830000,195172000,61104600
2021-04-12,91420000,27148700,25024000,65636000,869324000,56704900
2021-04-13,91266500,23837500,25682000,66316000,676212000,56551000
2021-04-14,87222800,23070900,21002000,62904000,385500000,61659900
2021-04-15,89347100,25627500,29174000,64672000,598480000,60229800
2021-04-16,84922400,24878600,26282000,63720000,335208000,82037300
2021-04-19,94264200,23209300,30290000,54508000,404420000,78498500
2021-04-20,94812300,19722900,22288000,52460000,334132000,81851800
2021-04-21,68847100,24030400,23204000,44224000,216776000,66793000
2021-04-22,84566500,25606200,24146000,51612000,277788000,97582800
2021-04-23,78657500,21462600,29066000,63856000,227500000,73209200
2021-04-26,66905100,19763300,32038000,97614000,197796000,52182400
2021-04-27,66015800,31014200,44386000,76542000,164572000,51303100
2021-04-28,107760100,46903100,81106000,92638000,209416000,51238900
2021-04-29,151101000,40589000,41234000,153648000,173196000,78544300
2021-04-30,109839500,30945100,44856000,140186000,201912000,85527000
2021-05-03,75135100,19626600,28242000,117510000,203912000,68128300
2021-05-04,137564700,32756100,44818000,108788000,405324000,101591200
2021-05-05,84000900,21901300,26636000,74226000,292024000,60162200
2021-05-06,78128300,26491100,25190000,88954000,193380000,74321400
2021-05-07,78973300,27032900,28898000,94206000,229328000,67733800
2021-05-10,88071200,29299900,30914000,116772000,268904000,81852400
2021-05-11,126142800,33641600,34186000,92396000,285584000,116888000
2021-05-12,112172300,36684400,46376000,98728000,303408000,134811000
2021-05-13,105861300,29624300,33204000,67018000,285404000,106394000
2021-05-14,81918000,23901100,31996000,66500000,258616000,82201600
2021-05-17,74244600,24970200,21598000,74478000,216980000,65129200
2021-05-18,63342900,20168000,22204000,56568000,186256000,59810200
2021-05-19,92612000,25739800,23684000,53594000,344000000,106467100
2021-05-20,76857100,21800700,32352000,52664000,321592000,78022200
2021-05-21,79295400,21863100,40632000,82098000,672992000,76578700
2021-05-24,63092900,21411500,31832000,48456000,554816000,51376700
2021-05-25,72009500,17704300,22440000,65222000,435408000,57451400
2021-05-26,56575900,17771600,21572000,47680000,370440000,43088600
2021-05-27,94625600,24426200,35224000,51224000,581476000,56707700
2021-05-28,71311100,18270200,21482000,46596000,644536000,58520200
2021-06-01,67637100,23213300,23354000,48600000,472804000,54216600
2021-06-02,59278900,19406700,21158000,40290000,594168000,49097100
2021-06-03,76229200,25307700,18696000,47966000,580008000,58138800
2021-06-04,75169300,25281100,24458000,44994000,617120000,55938800
2021-06-07,71057600,23079200,24120000,44316000,575756000,51555000
2021-06-08,74403800,22455000,24240000,68334000,323848000,47134300
2021-06-09,56877900,17937600,17942000,49110000,381656000,48436300
2021-06-10,71186400,24563600,25904000,69530000,287772000,51020100
2021-06-11,53522400,18999700,21958000,56348000,416308000,45570800
2021-06-14,96906500,19150500,22098000,51394000,321376000,42358500
2021-06-15,62746300,18038900,21562000,48524000,243032000,51508500
2021-06-16,91815000,27220000,26472000,84056000,307124000,80386100
2021-06-17,96721700,27565500,25842000,102730000,809656000,90949700
2021-06-18,108953300,37202200,46116000,104954000,968856000,118676300
2021-06-21,79663300,26696100,27414000,65542000,672384000,72822000
2021-06-22,74783600,24694100,22390000,66902000,580144000,57700300
2021-06-23,60214200,19518700,19148000,56266000,332356000,49445400
2021-06-24,68711000,21446900,21362000,76640000,320924000,45110300
2021-06-25,70783700,25611100,34594000,78820000,278364000,58129500
2021-06-28,62111300,19590000,28526000,44856000,495436000,53159600
2021-06-29,64556100,19937800,23108000,41968000,367632000,35970500
2021-06-30,63261400,21656500,24474000,48080000,326568000,64827900
2021-07-01,52485800,16725300,18110000,40742000,480136000,53441000
2021-07-02,78852600,26458000,25982000,63388000,342764000,57697700
2021-07-06,108181800,31565600,26404000,134896000,446708000,68710400
2021-07-07,104911600,23260000,24060000,106562000,418428000,63549500
2021-07-08,105575500,24618600,23790000,103612000,503300000,97595200
2021-07-09,99890800,23916700,18632000,74964000,296624000,76238600
2021-07-12,76299700,18931700,17668000,51432000,321984000,52889600
2021-07-13,100827100,26120100,19240000,76918000,290708000,52911300
2021-07-14,127050800,23113700,23742000,65932000,380100000,64130400
2021-07-15,106820300,22604200,24218000,63706000,550564000,55126400
2021-07-16,93251400,26186800,20424000,80874000,688224000,75874700
2021-07-19,121434600,32935600,27968000,75692000,749060000,147987000
2021-07-20,96350000,26259700,26312000,65114000,434687000,99608200
2021-07-21,74993500,24364300,20746000,46380000,371017000,64724400
2021-07-22,77338200,23384100,14302000,65308000,323826000,47878500
2021-07-23,71447400,22768100,41506000,48726000,195672000,63766600
2021-07-26,72434100,23176100,30572000,58002000,203943000,43719200
2021-07-27,104818600,33604100,54710000,82638000,248863000,67397100
2021-07-28,118931200,33566900,95130000,59988000,202191000,52472400
2021-07-29,56699500,18168300,31716000,110400000,190781000,47435300
2021-07-30,70440600,20944800,25576000,199312000,183497000,68951200
2021-08-02,62880000,16267400,21634000,67078000,217444000,58783300
2021-08-03,64786600,17879000,20762000,83146000,301811000,58053900
2021-08-04,56368300,16191300,19676000,43678000,231309000,46732200
2021-08-05,46397700,13900200,17870000,48670000,211435000,38969700
2021-08-06,54126800,16589300,20488000,52752000,178497000,46930000
2021-08-09,48908700,16117600,17760000,42964000,146443000,41222600
2021-08-10,69023100,18616600,19414000,48252000,179238000,43339300
2021-08-11,48493500,13955900,15352000,58944000,185925000,44034300
2021-08-12,72282600,14561300,16506000,46282000,151652000,38909400
2021-08-13,59375000,18249000,15948000,41134000,183063000,39470300
2021-08-16,103296000,22507600,22384000,66394000,210876000,73740000
2021-08-17,92229700,20075300,21716000,67758000,204585000,92673900
2021-08-18,86326000,21813000,19258000,56086000,285913000,89351900
2021-08-19,86960300,29850500,21782000,75658000,766555000,92812200
2021-08-20,60549600,40817600,31194000,67168000,675741000,72008700
2021-08-23,60131800,22830200,28454000,65362000,575807000,54973000
2021-08-24,48606400,18175800,19268000,51036000,297299000,38744700
2021-08-25,58991300,20006100,15848000,33606000,347701000,40529700
2021-08-26,48597200,17666100,20610000,41976000,237940000,57829600
2021-08-27,55802400,22605700,28780000,48048000,304722000,77235100
2021-08-30,90956700,16348100,24434000,63844000,262580000,48357400
2021-08-31,86453100,26285300,22448000,87128000,259850000,59300200
2021-09-01,80313700,18983800,21936000,72598000,201767000,48721400
2021-09-02,71115500,16285600,32342000,58474000,187834000,42501000
2021-09-03,57808700,14747900,19850000,51514000,280532000,47170500
2021-09-07,82278300,17180400,20124000,54758000,198107000,51671500
2021-09-08,74420200,15046800,18344000,61068000,254434000,56181900
2021-09-09,57305700,19927000,15314000,54384000,196856000,57970400
2021-09-10,140893200,19633400,36840000,47946000,248376000,89948200
2021-09-13,102404300,23652900,22094000,51380000,297500000,83738600
2021-09-14,109296300,21853400,19674000,38738000,199755000,78197100
2021-09-15,83281300,28356300,27408000,59150000,166538000,78792200
2021-09-16,68034100,19550800,26190000,51672000,156033000,77786700
2021-09-17,129868800,41372500,53384000,92332000,294503000,118425000
2021-09-20,123478900,38278700,46518000,93382000,349440000,166445500
2021-09-21,75834000,22364100,25332000,55618000,204688000,92526100
2021-09-22,76404300,26626300,25056000,48228000,268726000,102350100
2021-09-23,64838200,18604600,20952000,47588000,248555000,76396000
2021-09-24,53477900,14999000,22984000,42324000,217655000,62094800
2021-09-27,74150700,23571700,21882000,72690000,245215000,61371100
2021-09-28,108972300,43186200,45772000,88616000,343069000,130436300
2021-09-29,74602000,26353700,30848000,51246000,218394000,82329200
2021-09-30,89056700,32343600,37996000,56848000,221009000,140506000
2021-10-01,94639600,30086300,35360000,56712000,240978000,129240100
2021-10-04,98322000,31350700,51202000,90462000,345635000,128570000
2021-10-05,80861100,24993000,32404000,65384000,279282000,90682500
2021-10-06,83221100,28002600,24364000,50660000,297202000,113032200
2021-10-07,61732700,20430500,25110000,48182000,256919000,72437500
2021-10-08,58773200,17685700,26526000,39964000,151258000,74557400
2021-10-11,64452200,19298600,17954000,40684000,163388000,65233300
2021-10-12,73035900,17974100,36332000,36392000,162134000,71181200
2021-10-13,78762700,23416300,19654000,48402000,180652000,72974000
2021-10-14,69907100,27262900,31894000,42190000,243589000,70236800
2021-10-15,67940300,25384800,30274000,103598000,226994000,66260200
2021-10-18,85589200,22729300,20396000,63482000,189494000,62213200
2021-10-19,76378900,17682100,20164000,47722000,161473000,46996800
2021-10-20,58418800,16537100,23288000,42796000,146276000,49571600
2021-10-21,61421000,16918100,26292000,37628000,187590000,41305400
2021-10-22,58883400,17449300,50588000,62782000,249384000,58845100
2021-10-25,50720600,17554500,34412000,44520000,230235000,45214500
2021-10-26,60893400,28107300,49236000,53966000,485898000,56075100
2021-10-27,56094900,52588700,85782000,54044000,245990000,72438000
2021-10-28,100077900,26297900,36206000,114174000,234204000,51437900
2021-10-29,124953200,34766000,43320000,129722000,292503000,70162400
2021-11-01,74588300,27073200,46924000,72178000,265740000,48433600
2021-11-02,69122000,26487100,33482000,52552000,294112000,48908400
2021-11-03,54511500,21500100,27494000,67944000,239910000,52509800
2021-11-04,60394600,23992200,38412000,107060000,1153631000,52847100
2021-11-05,65463900,22570100,38354000,99940000,851260000,66390600
2021-11-08,55020900,20897000,23052000,61480000,503101000,50405200
2021-11-09,56787900,21307400,19530000,85898000,646746000,51149100
2021-11-10,65187100,25500900,29970000,80548000,636206000,69429700
2021-11-11,41000000,16849800,16518000,45288000,332172000,34848500
2021-11-12,63804000,23831000,22360000,53788000,413054000,53466700
2021-11-15,59222800,16723000,23508000,58594000,384909000,46980500
2021-11-16,59256200,20886800,18904000,44342000,264484000,48857500
2021-11-17,88807000,19053400,19594000,51206000,428508000,47858300
2021-11-18,137827700,22463500,35608000,114070000,781711000,50625600
2021-11-19,117305600,21963400,33682000,98734000,533867000,57315600
2021-11-22,117467900,31031100,30594000,96844000,754335000,72762000
2021-11-23,96041900,30427600,27218000,73804000,532163000,73206500
2021-11-24,69463600,21661300,18040000,46560000,435162000,61858800
2021-11-26,76959800,24217200,30470000,59826000,283069000,112669600
2021-11-29,88748200,28563500,32596000,65312000,454964000,86268800
2021-11-30,174048100,42885600,42068000,80022000,622066000,148559600
2021-12-01,152052500,33337600,34020000,74916000,484368000,131939200
2021-12-02,136739200,30766000,29194000,64726000,472890000,127637800
2021-12-03,118023100,41779300,41230000,80712000,544325000,137331600
2021-12-06,107497000,30032600,30618000,68860000,658938000,98977500
2021-12-07,120405400,31021900,32240000,66410000,593053000,95484700
2021-12-08,116998900,24761000,24270000,45254000,475551000,72238800
2021-12-09,108923700,22214200,23270000,46062000,488507000,61272600
2021-12-10,115402700,38095700,24458000,60690000,488825000,77159800
2021-12-13,153237000,28899400,27070000,62170000,598344000,87724700
2021-12-14,139380400,44438700,38446000,55976000,667035000,97264100
2021-12-15,131063300,35381100,36370000,75794000,698297000,116899300
2021-12-16,150185800,35034800,33650000,60876000,707366000,116568600
2021-12-17,195432700,47750300,50416000,85542000,713758000,135511600
2021-12-20,107499100,28326500,27192000,57372000,461847000,107134800
2021-12-21,91185900,24740600,28756000,55956000,524385000,69806300
2021-12-22,92135300,24831500,26322000,55036000,395184000,58890200
2021-12-23,68356600,19617800,26384000,36788000,343022000,56439700
2021-12-27,74919600,19947000,15976000,58688000,403686000,56808600
2021-12-28,79144300,15661500,18200000,54638000,420591000,47274600
2021-12-29,62348900,15042000,17788000,35754000,343139000,54503000
2021-12-30,59773000,15994500,15688000,37584000,308864000,55329000
2021-12-31,64062300,18000800,18136000,47830000,266530000,65237400
2022-01-03,104487900,28865100,28646000,63520000,391547000,72668200
2022-01-04,99310400,32674300,28400000,70726000,527154000,71178700
2022-01-05,94537600,40054300,54618000,64302000,498064000,104538900
2022-01-06,96904000,39646100,37348000,51958000,454186000,86858900
2022-01-07,86709100,32720000,29760000,46606000,409939000,85111600
2022-01-10,106765600,44289500,44408000,87798000,594681000,119362000
2022-01-11,76138300,29386800,28730000,62806000,404089000,74303100
2022-01-12,74805200,34372200,26108000,50030000,383413000,67605400
2022-01-13,84505800,45366000,31436000,52188000,540171000,91173100
2022-01-14,80440800,39846400,29662000,45974000,395832000,95890900
2022-01-18,90956700,42333200,34872000,67292000,424270000,109709100
2022-01-19,94815000,45933900,28648000,53242000,488315000,109357600
2022-01-20,91420500,35380700,29908000,71974000,435181000,122379700
2022-01-21,122848900,57984400,55652000,163972000,718958000,202271200
2022-01-24,162294600,85731500,76622000,155624000,913982000,251783900
2022-01-25,115798400,72848600,46960000,90824000,664616000,167997300
2022-01-26,108275300,90428900,49130000,95602000,755959000,186391100
2022-01-27,121954600,53481300,31950000,77516000,573353000,149878300
2022-01-28,179935700,49743700,34362000,74392000,543774000,164457400
2022-01-31,115541600,46444500,39986000,78308000,564680000,152251400
2022-02-01,86213900,40950400,68644000,59220000,518925000,123155400
2022-02-02,84914300,36636000,123200000,87330000,543419000,117361000
2022-02-03,89418100,43730000,71518000,225532000,410178000,118024400
2022-02-04,82465400,35096500,57998000,253456000,354829000,118454400
2022-02-07,77251200,28533300,54974000,102624000,376868000,84472900
2022-02-08,74829200,32421200,54284000,76040000,410359000,81012000
2022-02-09,71285000,31284700,40144000,68786000,524282000,92589900
2022-02-10,90865900,45386200,39330000,68268000,513200000,140103700
2022-02-11,98670700,39175600,39958000,77100000,605472000,153214600
2022-02-14,86185500,36359500,34302000,83230000,440424000,123006300
2022-02-15,62527400,27058300,26680000,56440000,699869000,88482700
2022-02-16,61177400,29982100,25022000,52704000,732676000,84863600
2022-02-17,69589300,32461600,38950000,64032000,810595000,102259100
2022-02-18,82772700,34264000,45620000,63604000,761255000,132642900
2022-02-22,91162800,41736100,44990000,66128000,633422000,124391800
2022-02-23,90009200,37811200,32786000,64244000,566511000,132578000
2022-02-24,141147500,56989700,54456000,100786000,735801000,213942900
2022-02-25,91974200,32546700,36406000,62396000,528866000,121804500
2022-02-28,95056600,34627500,38864000,57684000,477319000,145615000
2022-03-01,83474400,31217800,26496000,44874000,412056000,137785900
2022-03-02,79724800,31873000,23520000,47334000,389642000,117726500
2022-03-03,76678400,27314500,24604000,65198000,365095000,105501700
2022-03-04,83737200,32356500,30430000,60934000,431415000,113978200
2022-03-07,96418800,43157200,45112000,86934000,450821000,137896600
2022-03-08,131148300,48159500,40428000,91662000,557467000,164772700
2022-03-09,91454900,35204500,37026000,82656000,492742000,116990800
2022-03-10,105342000,30628000,27102000,135062000,428066000,93972700
2022-03-11,96970100,27209300,31526000,68900000,367209000,95636300
2022-03-14,108732100,30660700,38812000,74086000,385354000,95729200
2022-03-15,92964300,34245100,30920000,75584000,491996000,106219100
2022-03-16,102300200,37826300,35576000,84958000,671422000,144954800
2022-03-17,75615400,30816600,28264000,72934000,471941000,102676900
2022-03-18,123511700,43390600,44566000,102962000,730719000,106345500
2022-03-21,95811400,28351200,26832000,66538000,591727000,88349800
2022-03-22,81532000,27599700,35496000,64086000,547007000,74650400
2022-03-23,98062700,25715400,25154000,55812000,502120000,79426100
2022-03-24,90131400,24484500,26396000,56798000,877379000,64736900
2022-03-25,80546200,22566500,24126000,49032000,579016000,77101300
2022-03-28,90371900,29578200,35050000,59854000,425494000,68529800
2022-03-29,100589400,30393400,34318000,66154000,488984000,86581500
2022-03-30,92633200,28163600,19884000,56168000,463487000,79666900
2022-03-31,103049300,33422100,37524000,59966000,523440000,121699900
2022-04-01,78751300,27110500,25942000,57090000,517235000,89048800
2022-04-04,76468400,24289600,25942000,49882000,397120000,59601000
2022-04-05,73401800,23156700,21418000,53728000,436615000,74214500
2022-04-06,89058800,40110400,32468000,79056000,703833000,106898000
2022-04-07,77594700,31411200,26234000,68136000,557992000,78097200
2022-04-08,76575500,24361900,25142000,46002000,524781000,79272700
2022-04-11,72246700,34569300,36884000,52112000,575207000,89770500
2022-04-12,79265200,30966700,32710000,55178000,662258000,84363600
2022-04-13,70618900,21907200,27928000,53390000,516943000,74070400
2022-04-14,75329400,28221600,31598000,51598000,569097000,97869500
2022-04-18,69023900,20778000,20808000,46514000,525701000,66002500
2022-04-19,67723800,22297700,26490000,54926000,512781000,77821000
2022-04-20,67929800,22906700,31696000,59630000,468974000,65224400
2022-04-21,87227800,29454600,36446000,63970000,656209000,85417300
2022-04-22,84882400,29405800,56884000,73078000,624713000,132471800
2022-04-25,96046400,35678900,46128000,61874000,641566000,119647700
2022-04-26,95623200,46518400,73054000,77530000,653143000,103996300
2022-04-27,88063200,63477700,91820000,71336000,499460000,122030000
2022-04-28,130216800,33646600,48884000,117316000,570327000,105449100
2022-04-29,131747600,37073900,42676000,272662000,500435000,145491100
2022-05-02,123055300,35151100,35534000,148788000,572049000,158312500
2022-05-03,88966500,25978600,24968000,79134000,475751000,100028200
2022-05-04,108256500,33599300,49916000,110746000,648855000,144247900
2022-05-05,130525300,43260400,45840000,144392000,626331000,172929100
2022-05-06,116124600,37780300,39710000,124260000,633297000,151770800
2022-05-09,131577900,47726000,40802000,128124000,644455000,155586100
2022-05-10,115366700,39336400,39900000,105434000,761474000,132497200
2022-05-11,142689800,48975900,37534000,109704000,670167000,142361000
2022-05-12,182602000,51033800,53836000,132026000,708728000,125090800
2022-05-13,113990900,34925100,35038000,93684000,670437000,104174400
2022-05-16,86643800,32550900,25990000,74566000,521446000,78622400
2022-05-17,78336300,28828800,23054000,76448000,585830000,83029700
2022-05-18,109742900,31356000,35126000,108380000,545161000,117674500
2022-05-19,136095600,32692300,34144000,88142000,621310000,98510700
2022-05-20,137426100,39199300,48962000,99500000,739105000,131432200
2022-05-23,117726300,33175400,37184000,107798000,639889000,76414900
2022-05-24,104132700,29043900,76780000,102934000,588550000,91448800
2022-05-25,92482700,28547900,40258000,93120000,781132000,91472900
2022-05-26,90601500,25002100,37948000,93002000,996575000,82168300
2022-05-27,90978500,26910800,37914000,93660000,738379000,84768700
2022-05-31,103718400,37827700,50012000,144634000,664100000,95937000
2022-06-01,74286600,25292200,36606000,127528000,544514000,86585800
2022-06-02,72348100,44008200,37992000,100560000,648656000,79609600
2022-06-03,88570300,28059000,26136000,97604000,598779000,71874300
2022-06-06,71598400,22400300,33542000,135269000,422406000,57508900
2022-06-07,67808200,22860700,31590000,85156700,388914000,59272400
2022-06-08,53950200,17372300,26108000,64926600,363252000,64350000
2022-06-09,69473000,26439700,25798000,67029800,395574000,86289800
2022-06-10,91437900,31422800,41452000,87266000,465248000,132893900
2022-06-13,122207100,46135800,47252000,99277700,604153000,170004900
2022-06-14,84784300,28651500,33706000,69728800,469680000,104011800
2022-06-15,91533000,33111700,39698000,85011100,563936000,125666800
2022-06-16,108123900,33169200,51684000,82186300,545749000,134473300
2022-06-17,134520300,43084800,51376000,99772100,630334000,111113900
2022-06-21,81000500,29928300,47416000,70901200,483089000,76811900
2022-06-22,73409200,25939900,30774000,60040100,437135000,90059400
2022-06-23,72433800,25861400,28362000,64345300,463680000,79292100
2022-06-24,89116800,33923200,41164000,69867600,472153000,98050300
2022-06-27,70207900,24615100,36420000,62133200,427968000,66009600
2022-06-28,67083400,27295500,35792000,74942900,461149000,86548900
2022-06-29,66242400,20069800,24716000,66375300,482352000,65676000
2022-06-30,98964500,31730900,43170000,97679400,686070000,112508300
2022-07-01,71051600,22837700,35476000,73021200,577610000,74839700
2022-07-05,73353800,22941000,39342000,76583700,651397000,81438000
2022-07-06,74064300,23824400,37432000,66958900,529066000,70426200
2022-07-07,66253700,20859900,40936000,57872300,492903000,64525900
2022-07-08,64547800,19658800,38238000,45719700,467972000,72397800
2022-07-11,63141600,19455200,31196000,53487600,437321000,58366900
2022-07-12,77588800,35868500,29960000,54280300,458483000,62219200
2022-07-13,71185600,29497400,43722000,61353800,521918000,84224600
2022-07-14,78140700,25102800,37004000,51163100,456235000,89704800
2022-07-15,76259900,29774100,46770000,84317800,385935000,79060400
2022-07-18,81420900,20975000,43164600,59115400,670517000,63203600
2022-07-19,82982400,25012600,36530900,60990000,702366000,78506000
2022-07-20,64823400,22788300,35600400,71268300,760538000,71843800
2022-07-21,65086600,22404700,32676200,60239900,557049000,64903900
2022-07-22,66675400,21881300,48901200,51463800,536671000,72197300
2022-07-25,53623900,21056000,34690900,50221300,480748000,53631500
2022-07-26,55138700,39348000,47991000,67075100,397865000,52946400
2022-07-27,78620700,45994000,59858500,61582000,569776000,82342100
2022-07-28,81378700,33459300,32816600,82245500,474646000,73966600
2022-07-29,101786900,32152800,37223400,148892900,435460000,87003700
2022-08-01,67829400,21539600,26034300,76846900,476469000,69997500
2022-08-02,59907000,22754200,20236000,61922400,489527000,63435400
2022-08-03,82507500,23518900,28499000,71827800,418146000,67820600
2022-08-04,55474100,18098700,21602900,70585000,409652000,45656600
2022-08-05,56697000,16774600,19159500,50686900,386068000,56814900
2022-08-08,60276900,18739200,19138300,52229000,981859000,53886100
2022-08-09,63135500,23405200,19086500,40434700,668263000,44931800
2022-08-10,70170500,24687800,30930400,54773800,597422000,68665700
2022-08-11,57149200,20065900,24293700,44867300,509327000,59489700
2022-08-12,68039400,22619700,19096300,47643500,478094000,61694500
2022-08-15,54091700,18085700,19494800,39014600,457666000,54048300
2022-08-16,56377100,18102900,19041200,59102900,451240000,59289000
2022-08-17,79542000,18253400,22847000,48149800,446799000,63563400
2022-08-18,62290100,17186200,17987700,37458700,415447000,49023200
2022-08-19,70346300,20570000,21809500,47792800,441588000,68016900
2022-08-22,69026800,25061100,21456600,50461500,409593000,77695600
2022-08-23,54147100,17527400,15870400,36252100,369986000,49105200
2022-08-24,53841500,18137000,17734600,38627000,522661000,49177800
2022-08-25,51218200,16583400,16956800,37496300,770691000,50942300
2022-08-26,78961000,27549300,37245700,53322700,769127000,103087000
2022-08-29,73314000,20338500,21191200,48101600,496132000,65370800
2022-08-30,77906200,22767100,27513300,49203000,530181000,85652400
2022-08-31,87991100,24791800,28627000,53648700,573710000,76029700
2022-09-01,74229900,23263400,28360900,56636100,1178865000,78740100
2022-09-02,76957800,22855400,24160700,57429800,743157000,99632100
2022-09-06,73714800,21328200,25068300,43888600,535751000,76637400
2022-09-07,87449600,24126700,23167000,47900300,512657000,70964200
2022-09-08,84923800,20319900,24238300,43988500,624873000,80821700
2022-09-09,68028800,22084700,23197700,49387600,486612000,76706900
2022-09-12,104956000,18747700,22966800,53826900,484159000,69256300
2022-09-13,122656600,33353300,38172900,72694000,714956000,122947100
2022-09-14,87965400,23913000,26395100,45316800,588507000,85023700
2022-09-15,90481100,31530900,34188300,52887200,523625000,87633800
2022-09-16,162278800,39791800,42797200,115667800,670751000,103084800
2022-09-19,81474200,26826900,23036800,47279700,569685000,73278500
2022-09-20,107689800,26660300,26517100,47698400,524818000,77274900
2022-09-21,101696800,28625600,31487300,58498900,807679000,106746600
2022-09-22,86652500,31061200,34298600,55229200,759162000,89472600
2022-09-23,96029900,34176000,31625400,65126700,663309000,122346900
2022-09-26,93339400,27694200,27072700,62723300,547343000,92581200
2022-09-27,84442700,27018700,30072800,60094700,553854000,108294100
2022-09-28,146691400,29029700,32466300,55763800,542414000,110802200
2022-09-29,128138200,27484200,31047200,58969700,532763000,112952300
2022-09-30,124925300,35694800,32941500,59479600,565638000,153711200
2022-10-03,114311700,28880400,27982000,50941900,547478000,89756500
2022-10-04,87830100,34888400,28850800,62812600,584182000,103602800
2022-10-05,79471000,20347100,22176900,48217500,507131000,88065700
2022-10-06,68402200,20239900,22324000,42253800,644157000,82333500
2022-10-07,85925600,37769600,27502800,54678000,672478000,107789500
2022-10-10,74899000,29743600,18225100,42339700,698699000,76042800
2022-10-11,77033700,30474000,26507100,56432200,667482000,92482800
2022-10-12,70433700,21903900,21876400,45728700,492590000,76991800
2022-10-13,113224000,42551800,34574500,86868100,850103000,147254500
2022-10-14,88598000,30198600,25410700,67737300,713432000,123737000
2022-10-17,85250900,28142300,28419200,62782000,580774000,93168200
2022-10-18,99136600,26329600,24060700,65607400,659362000,97162900
2022-10-19,61758300,19985700,23811100,47198100,523131000,79746900
2022-10-20,64522000,21811000,25323200,48795100,652398000,88283100
2022-10-21,86548600,26299700,32458700,55660500,609494000,131038400
2022-10-24,75981900,24911200,27176400,49531500,517457000,85436900
2022-10-25,74732300,34775500,40611400,50934600,505482000,78846300
2022-10-26,88194300,82543200,88114100,68802300,532953000,104087300
2022-10-27,109180200,40424600,60710900,129605400,583113000,81971800
2022-10-28,164762400,40647700,43697300,223133400,521040000,100302000
2022-10-31,97943200,28357300,31675000,99251400,486341000,96631300
2022-11-01,80379300,30592300,47161400,153370000,432817000,85407600
2022-11-02,93604600,38407000,57038300,135761800,672628000,126990400
2022-11-03,97918500,36633900,61288000,136683300,500065000,87100100
2022-11-04,140814800,36789100,51124900,129101300,612576000,103505200
2022-11-07,83374600,33498000,34078900,77495700,410061000,68286900
2022-11-08,89908500,28192500,30429000,88703400,595292000,84641100
2022-11-09,74917800,27852900,31769100,90796200,454414000,78495500
2022-11-10,118854000,46268000,51620100,173414900,700819000,141455800
2022-11-11,93979700,34620200,33090500,111590500,655487000,93839900
2022-11-14,73374100,31123300,30179500,99533100,527852000,71903500
2022-11-15,89868300,31390100,41640800,111336300,545876000,93194500
2022-11-16,64218300,24093300,29105200,87958800,649547000,68508500
2022-11-17,80389400,23123500,26052600,82617900,710894000,74496300
2022-11-18,74829600,27613500,28342300,72428200,492072000,92922500
2022-11-21,58724100,26394700,21647400,84330300,404739000,51243200
2022-11-22,51804100,19665700,23438500,62192000,472866000,60429000
2022-11-23,58301400,19508500,18868100,59414700,427241000,68261600
2022-11-25,35195900,9200800,9701400,35088600,167934000,30545400
2022-11-28,69246000,24778200,26237500,74943100,303741000,67881600
2022-11-29,83763800,17956300,20061700,65567300,298384000,52310000
2022-11-30,111380900,47594200,43647500,102805800,565298000,144566700
2022-12-01,71250400,26041500,28687100,68488000,470977000,76398200
2022-12-02,65447400,21528500,21480700,72496400,371389000,85342700
2022-12-05,68826400,23435300,24405100,71535500,352255000,77289800
2022-12-06,64727200,22463700,24910700,75503600,352694000,77972200
2022-12-07,69721100,20481500,31045400,68086900,372388000,65927900
2022-12-08,62128300,22611800,32213300,73305900,515456000,60737900
2022-12-09,76097000,20609700,28225400,67398500,465338000,81447700
2022-12-12,70462700,30665100,29420000,61999800,457328000,75405800
2022-12-13,93886200,42196900,40593700,100212000,656589000,123782500
2022-12-14,82291200,35410900,28733600,70298000,496888000,108111300
2022-12-15,98931900,35560400,40107000,84802900,478542000,117705900
2022-12-16,160156900,86102000,58011800,146144100,478232000,119858000
2022-12-19,79592600,29696400,29493000,83531500,354039000,79878100
2022-12-20,77432800,25150800,23453800,74348300,403260000,74427200
2022-12-21,85928000,23690600,24745600,59267200,325025000,78167400
2022-12-22,77852100,28651700,27658300,81431300,565045000,100120900
2022-12-23,63814900,21207000,23003000,57433700,349326000,59857300
2022-12-27,69007800,16688600,20097300,57284000,464902000,51638200
2022-12-28,85438400,17457100,19523200,58228600,351066000,70911500
2022-12-29,75703700,19770700,23333500,54995900,354923000,66970900
2022-12-30,77034200,21938500,23986300,62401200,310490000,84022200
2023-01-03,112117500,25740000,28131200,76706000,401277000,74850700
2023-01-04,89113600,50623400,34854800,68885100,431324000,85934100
2023-01-05,80962700,39585600,27194400,67930800,389168000,76970500
2023-01-06,87754700,43613600,41381500,83303400,405044000,104189600
2023-01-09,70790800,27369800,29003900,65266100,504231000,73978100
2023-01-10,63896200,27033900,30467800,67756600,384101000,65358100
2023-01-11,69458900,28669300,26862000,103126200,353285000,68881100
2023-01-12,71379600,27269500,30258100,85254800,551409000,90157700
2023-01-13,57809700,21333300,26329200,85549400,447287000,63903900
2023-01-17,63646600,29831300,32602400,72755000,511102000,62677300
2023-01-18,69672800,30028700,29116700,79570400,439624000,99632300
2023-01-19,58280400,28623000,37000400,69002700,452932000,86958900
2023-01-20,80223600,35389800,63191100,67481500,564967000,91806400
2023-01-23,81760300,31934000,40005100,76501100,655163000,84178800
2023-01-24,66435100,40234400,33078500,66929500,496204000,59524900
2023-01-25,65799300,66526600,42330000,94261600,449537000,84800300
2023-01-26,54105100,33454500,30114000,68523600,489535000,72287400
2023-01-27,70555800,26498900,33879800,87775600,542142000,68346200
2023-01-30,64015300,25867400,27226200,70691900,488611000,74202000
2023-01-31,65874500,26541100,29870700,66527300,498017000,86811800
2023-02-01,77663600,31259900,35531100,80450100,660477000,101459200
2023-02-02,118339000,39940400,69883800,158154200,564276000,101654500
2023-02-03,154357300,29077300,65309300,144374800,429366000,94736800
2023-02-06,69858300,22518000,31999600,81945200,452197000,60295300
2023-02-07,83322600,50841400,49010200,119501300,664150000,90990700
2023-02-08,64120100,54686000,94743500,75878300,559651000,76227500
2023-02-09,56007100,42375100,119455000,64622500,523876000,78694900
2023-02-10,57450700,25818500,54980700,52740100,550737000,70769700
2023-02-13,62199000,44630900,50076100,52841500,474919000,64913500
2023-02-14,61707600,37047900,54726100,56202900,675474000,88389300
2023-02-15,65573800,28922400,50169000,47957600,420575000,61555700
2023-02-16,68167900,29603600,42462600,56339200,412026000,76431500
2023-02-17,59144100,30000100,34284100,60029400,465888000,89257800
2023-02-21,58867200,28397400,33629300,56580400,410015000,82655900
2023-02-22,51011300,22491100,30884000,59534100,513184000,83742300
2023-02-23,48394200,29219100,41206400,48467000,1117995000,96242400
2023-02-24,55469600,24990900,36585100,57053800,589716000,108194400
2023-02-27,44998500,21190000,27502300,47470300,452994000,80444700
2023-02-28,50547000,22491000,30142000,43959300,455963000,96438600
2023-03-01,55479000,27565300,31111200,52299500,460026000,99706800
2023-03-02,52238100,24808200,32204400,55509400,389415000,85127800
2023-03-03,70732300,30760100,35160100,55759600,412393000,90120000
2023-03-06,87558000,24109800,32639300,52112400,437429000,72795900
2023-03-07,56182000,21473200,27835500,49100700,515154000,108310600
2023-03-08,47204800,17340200,34103300,44899100,513573000,74746600
2023-03-09,53833600,26653400,28813500,56218700,501257000,111945300
2023-03-10,68572400,28333900,35941000,69827500,474866000,189253000
2023-03-13,84457100,33339700,37335600,72397100,421890000,157790000
2023-03-14,73695900,33620300,36050200,60912700,474910000,149752400
2023-03-15,77167900,46028000,50622100,70731800,524486000,172996900
2023-03-16,76161100,54768800,65492000,84446900,583253000,143254200
2023-03-17,98944600,69527400,61028500,87300200,848547000,140553400
2023-03-20,73641400,43466600,32960400,62388900,432747000,93055800
2023-03-21,73938300,34558700,42110300,58597300,547408000,91524200
2023-03-22,75701800,34873300,43427400,57475400,797295000,111746600
2023-03-23,67622100,36610900,40797800,57559300,564889000,119351300
2023-03-24,59196500,28172000,30393300,56095400,454920000,107682400
2023-03-27,52390300,26840200,31120900,46721300,361026000,74010400
2023-03-28,45992200,21878600,32057900,38720100,356104000,62871700
2023-03-29,51305700,25087000,28779600,49783300,393694000,77497900
2023-03-30,49501700,25053400,33086200,53633400,364516000,69840000
2023-03-31,68749800,32766000,36863400,56750300,433933000,112062600
2023-04-03,56976200,24883300,25035400,41135700,398716000,67391100
2023-04-04,46278300,25824300,24420100,48662500,368592000,66601500
2023-04-05,51511700,22064800,28290500,45175400,515015000,65200200
2023-04-06,45390100,29770300,48711500,43808000,397654000,63743300
2023-04-10,47716900,23103000,27067400,37261200,395279000,63681000
2023-04-11,47644200,27276600,26311800,60417800,314378000,59297900
2023-04-12,50133100,27403400,24370300,56735000,446259000,86420400
2023-04-13,68445600,24222700,24843600,67925100,353615000,85814800
2023-04-14,49386500,20987900,26578000,51450500,395660000,78161500
2023-04-17,41516200,23836200,37571200,39919500,321471000,66436400
2023-04-18,49923000,20161800,26596400,39790500,604812000,63560000
2023-04-19,47720200,17150300,20905700,58398900,358660000,55227300
2023-04-20,52456400,23244400,27820800,57696900,427713000,75840400
2023-04-21,58337300,21676400,25800100,86774200,345103000,73457400
2023-04-24,41949600,26611000,23542800,69575600,339282000,64332100
2023-04-25,48714100,45772200,46664100,65026800,378527000,97766700
2023-04-26,45498800,64599200,53347600,73803800,406337000,80447000
2023-04-27,64902300,46462600,50089200,149961200,377161000,92968400
2023-04-28,55275900,36469600,36139800,130715900,292216000,89433100
2023-05-01,52472900,21294100,26681700,74728100,570329000,62122300
2023-05-02,48425700,26404400,30997200,73469400,402730000,103998500
2023-05-03,65136000,22360800,21795400,65051900,383387000,91531800
2023-05-04,81235400,22519900,23419500,45345500,321850000,94901900
2023-05-05,113453200,28197100,26639300,56951700,361494000,87891800
2023-05-08,55962800,21318600,26511400,49430900,344979000,50046800
2023-05-09,45326900,21340800,36360100,44089400,314869000,49220100
2023-05-10,53724500,30078000,63153400,78627600,369350000,96142900
2023-05-11,49514700,31680200,78900000,74924800,322149000,70157100
2023-05-12,45533100,19774700,41102300,49852700,274222000,70481500
2023-05-15,37266700,16336500,36266800,53011100,293926000,54289400
2023-05-16,42110300,26730300,45035600,71472900,449405000,57705500
2023-05-17,57951600,24315000,33323600,65655200,432535000,87287000
2023-05-18,65496700,27276000,35234200,73174100,748725000,97177200
2023-05-19,55809500,27546700,41353400,55056300,473908000,103793300
2023-05-22,43570900,24115700,35253000,70741100,372000000,60745400
2023-05-23,50747300,30797200,34046300,67576300,356253000,86383500
2023-05-24,45143500,23384900,34182600,63487900,721419000,89213700
2023-05-25,56058300,43301700,42317000,66496700,1543911000,90961600
2023-05-26,54835000,36630600,35635900,96779900,714397000,93830000
2023-05-30,55964400,29503100,35076700,64314800,923401000,72216000
2023-05-31,99625300,45950600,37325800,72800800,1002580000,110811800
2023-06-01,68901800,26773900,30772700,54375100,635873000,88865000
2023-06-02,61996900,25873800,26980100,61264400,482731000,91426200
2023-06-05,121946500,21307100,32305500,47950100,396094000,65460200
2023-06-06,64848400,20396200,26638300,45695200,388729000,64022200
2023-06-07,61944600,40717100,52539000,95663300,511998000,85373300
2023-06-08,50214900,23277700,29389200,62159300,417772000,61952800
2023-06-09,48900000,22529000,23778300,51396000,427717000,85742800
2023-06-12,54274900,24260300,28306400,51338000,388701000,76104300
2023-06-13,54929100,22951300,22278300,50564800,613208000,95899700
2023-06-14,57462900,26003800,30592300,52422500,740465000,100612100
2023-06-15,65433200,38899100,35246300,60458500,568622000,110303100
2023-06-16,101256200,46552000,45535600,84247100,655709000,114165800
2023-06-20,49799100,26375400,26097500,56930100,451153000,76160400
2023-06-21,49515700,25117800,30306300,52137700,551603000,76982300
2023-06-22,51245300,23556800,26952200,90354600,417737000,70637200
2023-06-23,53117000,23146900,34913600,71927800,358140000,92074500
2023-06-26,48088700,21520600,33969900,59989300,594322000,72823600
2023-06-27,50730800,24354100,39535900,46801000,462175000,72813700
2023-06-28,51216800,20259500,27091400,52149500,582639000,75636000
2023-06-29,46347300,16997000,24090900,40761000,380514000,67882300
2023-06-30,85213200,26832800,29532200,54350700,501148000,104964000
2023-07-03,31458200,12508700,14467900,28264800,198209000,32793400
2023-07-05,46920300,18172400,27584800,35895400,323618000,58418400
2023-07-06,45094300,28161200,24745200,40639900,303582000,80658300
2023-07-07,46815000,21214800,21709500,41992300,355881000,86134200
2023-07-10,59922200,32791400,35315200,61889300,353908000,62443500
2023-07-11,46638100,26698200,23078800,49951500,298244000,64463800
2023-07-12,60750200,29995300,30404400,54022800,481277000,91924500
2023-07-13,41342300,20567200,44297900,61170900,478204000,72425200
2023-07-14,41616200,28352700,33283100,54487100,772075000,69815800
2023-07-17,50520200,20363900,25716200,48450200,510488000,52680200
2023-07-18,48288200,64738600,26193600,54882900,569164000,80668200
2023-07-19,80507300,39732900,37224000,54531000,427502000,65891700
2023-07-20,59581200,33778400,37906800,59820600,537865000,70591600
2023-07-21,71951700,69405400,72937900,133307300,963769000,71275600
2023-07-24,45377800,26678100,29686100,45591100,382516000,54023400
2023-07-25,37283200,41637700,52509600,39236700,348081000,55191200
2023-07-26,47471900,58383700,61682100,53910100,364237000,71052900
2023-07-27,47460200,39635300,44952100,52610700,455976000,92194400
2023-07-28,48291400,28484900,36591200,46317400,331194000,80011800
2023-07-31,38824100,25446000,28055500,41901500,251055000,62040400
2023-08-01,35175100,18311900,23166800,42098500,237858000,55291500
2023-08-02,50389300,27761300,26273300,51027600,530142000,93933400
2023-08-03,61235200,18253700,20089500,88585200,324176000,64276100
2023-08-04,115956800,23741500,26147200,153128500,362666000,100128900
2023-08-07,97576100,17741500,22746300,71213100,322154000,58357500
2023-08-08,67823000,22327600,23535200,51710500,353843000,71361300
2023-08-09,60378500,22373300,24912900,50017300,586449000,78789600
2023-08-10,54686900,20113700,20857800,58928400,492705000,93005500
2023-08-11,52036700,24355500,19591100,42905800,533085000,68690900
2023-08-14,43675600,18836100,24695600,47148700,690286000,47867400
2023-08-15,43622600,16966300,19770700,42781500,676512000,75707500
2023-08-16,46964900,20698900,25216100,41675900,527451000,80107200
2023-08-17,66062900,21257200,33446300,48354100,452395000,95711300
2023-08-18,61172200,24755000,30504800,48497700,583768000,98852000
2023-08-21,46311900,24040000,25248700,41442500,692573000,68719000
2023-08-22,42038900,16084600,22054900,32905400,755293000,64994200
2023-08-23,52722800,21166400,27819700,42801000,779046000,68441000
2023-08-24,54945800,23281400,28500700,43646300,1156044000,88517300
2023-08-25,51449600,21684100,26762900,44147500,925341000,102325100
2023-08-28,43820700,14808500,20543300,34108400,685192000,61595400
2023-08-29,53003900,19284600,43075600,38646100,701397000,83081900
2023-08-30,60813900,15222100,28315800,36137000,735206000,69053900
2023-08-31,60794500,26411000,30053800,58781300,528570000,66084600
2023-09-01,45766500,14942000,21543700,40991500,463830000,58944100
2023-09-05,45280000,18553900,19403100,40636700,382653000,55166200
2023-09-06,81755800,17535800,18684500,41785500,468670000,70758500
2023-09-07,112488800,18381000,18844300,48498900,433330000,70355400
2023-09-08,65551300,19530100,23558300,38348200,473069000,61659700
2023-09-11,58953100,16583300,20763400,56764500,473966000,60180100
2023-09-12,90370200,17565500,18405500,42668500,349256000,67565400
2023-09-13,84267900,16544400,20749500,60465200,398355000,60199300
2023-09-14,60895800,20267000,24751000,64033600,370097000,83430800
2023-09-15,109259500,37679800,38919600,102909300,506831000,111848900
2023-09-18,67257600,16834200,21861300,42823500,500271000,55752200
2023-09-19,51826900,16505900,20353700,61482500,373064000,66514600
2023-09-20,58436200,21436500,29927500,46263700,367108000,82562600
2023-09-21,63149100,35560400,31503900,70343300,450736000,104095800
2023-09-22,56725400,21447900,26397300,59904300,479236000,100829700
2023-09-25,46172700,17836000,20094600,46017800,419091000,70874500
2023-09-26,64588900,26297600,25718700,73048200,402282000,96168400
2023-09-27,66921800,19410100,22746500,66553400,444935000,104705800
2023-09-28,56294400,19683600,22513100,54555000,424663000,92258300
2023-09-29,51861100,24147300,30859800,62411700,397830000,115111300
2023-10-02,52164500,20570000,22288000,48029700,433298000,83798600
2023-10-03,49594600,21033500,22989400,51565000,470850000,103760600
2023-10-04,53020300,20720100,26752300,44203900,361821000,87453000
2023-10-05,48527900,16965600,19832600,39660600,393483000,70142700
2023-10-06,57266700,25673600,27597600,46836700,434436000,113273300
2023-10-09,42390800,19891200,19278100,38773700,409675000,80374400
2023-10-10,43698000,20557100,27786600,42178600,368582000,78607300
2023-10-11,47551100,20063200,25884300,40741800,378137000,62451700
2023-10-12,56743100,19313100,24765500,55528600,481325000,81154200
2023-10-13,51427100,21072400,23420500,45786600,474115000,95143100
2023-10-16,52517000,22158000,28501900,42832900,375099000,75433200
2023-10-17,57549400,18338500,23515800,49344600,812333000,75324700
2023-10-18,54764400,23153600,23375000,42699500,627294000,93559800
2023-10-19,59302900,25052100,26066000,60961400,501233000,121323000
2023-10-20,64244000,25027700,26335700,56406400,477266000,123919900
2023-10-23,55980100,24374700,26317900,48260000,478530000,92035100
2023-10-24,43816600,31153600,44814300,46477400,401463000,78564200
2023-10-25,57157000,55053800,84366200,74577500,398379000,94223200
2023-10-26,70625300,37828500,57061100,100419500,541001000,115156800
2023-10-27,58499100,29856500,44566500,125309300,416784000,107367700
2023-10-30,51131000,22828100,28940100,72485500,388028000,86562700
2023-10-31,44846000,20265300,26292300,51589400,517969000,79665200
2023-11-01,56934900,28158800,30082400,61529400,437593000,98068100
2023-11-02,77334800,24348100,27124600,52236700,409172000,94938900
2023-11-03,79829200,23637700,26393100,44059800,424610000,100167800
2023-11-06,63841300,23828300,19052700,44970400,400733000,67831700
2023-11-07,70530000,25833900,29757300,53553500,343165000,64256100
2023-11-08,49340300,26767800,26425800,44521700,346719000,61746000
2023-11-09,53763500,24847300,23747800,36235400,540496000,83174400
2023-11-10,66133400,28042100,26913300,49287800,421245000,89462200
2023-11-13,43627500,19986500,18324800,35680600,384136000,52236100
2023-11-14,60108400,27683900,32395200,56674600,416954000,97176900
2023-11-15,53790500,26860100,23861500,63875700,475497000,77327600
2023-11-16,54412900,27182300,28013200,49653500,339756000,66665800
2023-11-17,50922700,40157000,37240600,49636700,325205000,83133200
2023-11-20,46505100,52465100,27815500,41951200,414120000,69936200
2023-11-21,38134500,28423100,22635300,71226000,565747000,49244600
2023-11-22,39617700,23345300,17813900,45669100,899420000,59394900
2023-11-24,24048300,10176600,12514300,22378400,294645000,29737400
2023-11-27,40552600,22179200,23436500,53762400,395662000,50506000
2023-11-28,38415400,20453100,18730000,42711700,401491000,62115000
2023-11-29,43014200,28963400,23967200,40610900,382005000,63146000
2023-11-30,48794400,30554400,38988300,65814000,526247000,79752700
2023-12-01,45704800,33040500,31442300,39951800,369317000,89183400
2023-12-04,43389500,32063300,36669900,48294200,437543000,72430900
2023-12-05,66628400,23065000,27384800,46822400,371718000,69793500
2023-12-06,41089700,21182100,23576200,39679000,380590000,69124700
2023-12-07,47477700,23118900,56767100,52352800,350823000,66995400
2023-12-08,53406400,20154400,32260100,41906000,359224000,83194400
2023-12-11,60943700,27708800,31138000,50907300,509728000,65002200
2023-12-12,52696900,24838300,29032800,44944300,372387000,68327600
2023-12-13,70404200,30955500,30104800,52766200,447792000,93278000
2023-12-14,66831600,43277500,38722400,58400800,391232000,119026000
2023-12-15,128538400,78502300,50847100,110089300,479948000,141553700
2023-12-18,55751900,21802900,32258000,62512800,412587000,70375300
2023-12-19,40714100,20603700,25476800,43171300,464444000,55761800
2023-12-20,52242800,26316700,49107200,50322100,397894000,102921000
2023-12-21,46482500,17708000,27488300,36305700,300425000,86667500
2023-12-22,37149600,17107500,26532200,29514100,252507000,67160400
2023-12-26,28919300,12673100,16780300,25067200,244200000,55387000
2023-12-27,48087700,14905400,19628600,31434700,233648000,68000300
2023-12-28,34049900,14327000,16045700,27057000,246587000,77158100
2023-12-29,42672100,18730800,18733000,39823200,389293000,122283100
2024-01-02,82488700,25258600,23711200,47339400,411254000,123623700
2024-01-03,58414500,23083500,24212100,49425500,320896000,103585900
2024-01-04,71983600,20901500,27137700,56039800,306535000,84232200
2024-01-05,62379700,21004600,22513900,45153100,415039000,86118900
2024-01-08,59144500,23134000,21404000,46757100,642510000,74879100
2024-01-09,42841800,20830000,24759600,43812600,773100000,65931400
2024-01-10,46792900,25514200,21320200,44421800,533796000,67310600
2024-01-11,49128400,27850800,24008700,49072700,596759000,77940700
2024-01-12,40477800,21661200,18785500,40484200,352994000,58026400
2024-01-16,65603000,27202300,22670500,41384600,449580000,85014900
2024-01-17,47317400,22234100,20968600,34953400,474394000,68843900
2024-01-18,78005800,23392100,25746400,37850200,491650000,91856200
2024-01-19,68903000,29331100,34271900,51651600,543501000,110834500
2024-01-22,60133900,27016900,32200400,43687500,452955000,75844900
2024-01-23,42355600,20525900,21636100,37986000,294654000,49945300
2024-01-24,53631300,24867000,25233500,48547300,560271000,81765000
2024-01-25,54822100,21021200,29149100,43638600,482777000,72525000
2024-01-26,44594000,17803300,26115500,51047400,390309000,76641600
2024-01-29,47145600,24510200,27784300,45270400,348733000,61322800
2024-01-30,55859400,33477600,36331800,45207400,410735000,58618400
2024-01-31,55467800,47871100,71910000,50284400,453795000,126011100
2024-02-01,64885400,30657700,40466500,76542400,369146000,91891600
2024-02-02,102551700,28256700,62499600,117218300,476578000,99228200
2024-02-05,69668800,25352300,38505400,55081300,680078000,75757100
2024-02-06,43490800,18382600,29128200,42505500,683111000,55918600
2024-02-07,53439000,22340500,25208900,47174100,495575000,70556500
2024-02-08,40962000,21225300,22563800,42316500,414422000,52343600
2024-02-09,45155200,22032800,26829500,56986000,436637000,63979400
2024-02-12,41781900,21202900,21564100,51050400,613710000,56502300
2024-02-13,56529500,27824900,27837700,56345100,602580000,113099200
2024-02-14,54630500,20401200,22704200,42815500,504917000,68387800
2024-02-15,65434500,21825500,37590700,49855200,420122000,61683000
2024-02-16,49752500,22296500,31468900,48107700,495327000,75532900
2024-02-20,53665600,24307900,25144700,41980300,704833000,71736700
2024-02-21,41371400,18518900,23223300,44420100,673755000,59293400
2024-02-22,52292200,27009900,27191900,55392400,865100000,76402500
2024-02-23,45119700,16295900,19493800,59715200,829388000,61321800
2024-02-26,40867400,16193500,53641800,44368600,503973000,50386700
2024-02-27,54318900,14835800,33099200,31141700,391705000,48854500
2024-02-28,48953900,13183100,37328600,28180500,393110000,56506600
2024-02-29,136682600,31947300,42133000,53805400,507289000,83924800
2024-03-01,73563100,17823400,31151100,31981200,479135000,76844800
2024-03-04,81510100,17596000,55999400,37381500,615616000,49799300
2024-03-05,95132400,26919200,40194800,37228300,520639000,72855600
2024-03-06,68587700,22344100,35318600,32090900,582520000,68382400
2024-03-07,71765100,18718500,37738200,34063300,608119000,58652100
2024-03-08,76267000,18002200,39370400,37893200,1142269000,86532500
2024-03-11,60139500,16120800,32437800,28484800,678364000,62557200
2024-03-12,59825400,22457000,27563400,36610600,668075000,73114400
2024-03-13,52488700,17115900,23347200,30772600,635713000,55104100
2024-03-14,72913500,34157300,42753400,43705800,602318000,110171800
2024-03-15,121752700,45079900,49475400,72147400,642086000,107646300
2024-03-18,75604200,20106000,69273700,31250700,668976000,88893300
2024-03-19,55215200,19837900,24070400,26880900,672171000,60755300
2024-03-20,53423100,17860100,21311500,29947200,479063000,69594600
2024-03-21,106181300,21296200,24755600,32824300,480372000,60256100
2024-03-22,71160100,17648500,29211800,27995400,586719000,79070800
2024-03-25,54288300,18060500,19229300,29815500,552136000,48512100
2024-03-26,57388400,16725600,22149100,29659000,513648000,65463700
2024-03-27,60273300,16705000,22879200,33272600,586067000,82999800
2024-03-28,65672700,21871200,24485400,38051600,435212000,96294900
2024-04-01,46240500,16316000,31730800,29174500,452441000,62477500
2024-04-02,49329500,17912000,24586000,32611500,433064000,74230300
2024-04-03,47691700,16502300,24705000,31046600,370067000,59155800
2024-04-04,53704400,19370900,34724700,41624300,434965000,96858100
2024-04-05,42104800,16554800,23459200,42374000,399678000,74546500
2024-04-08,37425500,14272400,20702000,39221300,283220000,48401800
2024-04-09,42373800,12496900,31079500,36520100,501700000,68049200
2024-04-10,49709300,16216600,22838600,35879200,431929000,82652800
2024-04-11,91070300,17966400,27166400,40020700,431637000,70099000
2024-04-12,101670900,19253800,25353700,38608800,426805000,92561100
2024-04-15,73531800,20273500,27136500,48052400,443077000,92101400
2024-04-16,73711200,16765600,20779500,32891300,370453000,73484000
2024-04-17,50901200,15855500,21763100,31359700,495400000,75910300
2024-04-18,43122900,21029900,19883000,30723800,447260000,74548100
2024-04-19,68149400,30565800,32615600,56000700,875198000,102212600
2024-04-22,48116400,20286900,26446200,37924900,596341000,67961000
2024-04-23,49537800,15734500,21151600,37046500,438559000,64633600
2024-04-24,48251800,15065300,22779100,34185100,512208000,55928100
2024-04-25,50558300,40586500,57109700,49249400,424641000,69122400
2024-04-26,44838400,29694700,64665300,43919800,551011000,64306100
2024-04-29,68169400,19582100,45610000,54063900,388971000,46415400
2024-04-30,65934800,28781400,33562900,94639800,363709000,77483600
2024-05-01,50383100,23562500,33493200,94645100,559863000,80242800
2024-05-02,94214900,17709400,24294500,54303500,377898000,62550200
2024-05-03,163224100,17446700,34662400,39172000,398341000,72756700
2024-05-06,78569700,16996600,21871300,34725300,376203000,47264700
2024-05-07,77305800,20018200,28039700,34048900,437342000,52561300
2024-05-08,45057100,11792300,19569100,26136400,325721000,42047200
2024-05-09,48983000,14689700,15346700,43368400,378013000,43643700
2024-05-10,50759500,13402300,29799900,34141800,335325000,52233200
2024-05-13,72044800,15440200,31327600,24898600,289680000,36716400
2024-05-14,52393600,15109300,25127100,38698200,296507000,57535900
2024-05-15,70400000,22239500,26948400,75459900,417735000,59504900
2024-05-16,52845200,17530100,27867900,38834500,323952000,50244800
2024-05-17,41282900,15352200,24479300,33175700,359691000,59187600
2024-05-20,44361300,16272100,22554400,30511800,318764000,37764200
2024-05-21,42309400,21453300,16989400,50839100,328946000,33437000
2024-05-22,34648500,18073700,17880000,28148800,548648000,48390000
2024-05-23,51005900,17211700,21024900,33670200,835065000,57211200
2024-05-24,36327000,11855300,16579400,27471600,429494000,41291100
2024-05-28,52280100,15718000,20572200,29927000,652728000,36269600
2024-05-29,53068000,15517100,23388700,32009300,557442000,45190300
2024-05-30,49889100,28394500,22931500,29184700,484553000,46377600
2024-05-31,75158300,47995300,37638900,58903900,613263000,90785800
2024-06-03,50080500,17484700,27459100,30786600,438392000,46835700
2024-06-04,47471400,14348900,26879600,27198400,403324000,34632700
2024-06-05,54156800,16988000,22068500,32116400,528402000,47610400
2024-06-06,41181800,14861300,23251000,31371200,664696000,30808500
2024-06-07,53103900,13621700,19661400,28021500,412386000,43224500
2024-06-10,97010200,13982900,23726700,34445600,313434100,35686100
2024-06-11,172373300,14551100,21540600,27265100,222551200,36383400
2024-06-12,198134300,22366200,27864700,33984200,299595000,63251300
2024-06-13,97862700,15960600,20913300,39721500,260704500,44760900
2024-06-14,70122700,13582000,18063600,25456400,309320400,40089900
2024-06-17,93728300,20790000,19618500,35601900,288504400,55839500
2024-06-18,79943300,17112500,21869900,36659200,294335100,41376400
2024-06-20,86172500,19877400,20160100,44726800,517768400,70328200
2024-06-21,241805100,34187100,57759000,70792500,649445800,64338600
2024-06-24,80727000,15913700,18298000,50610400,476060900,45528700
2024-06-25,55549700,16413400,23130200,45366400,414192600,37936200
2024-06-26,66213200,16507000,19839000,65103900,362975900,38550600
2024-06-27,49772700,14806300,18848900,74397500,252571700,35041500
2024-06-28,82542700,28362300,29156600,76930200,315516700,76144500
2024-07-01,60402900,17662800,16006100,41192000,284885500,40297800
2024-07-02,58046200,13979800,17372500,45600000,218374000,40434800
2024-07-03,37369800,9932800,10242100,31597900,215749000,32789900
2024-07-05,60412400,16000300,20967500,39858900,214176700,41488400
2024-07-08,59085900,12962300,21035900,34767300,237677300,36110500
2024-07-09,48076100,17207200,15121400,32700100,285366600,27289700
2024-07-10,62627700,18196100,15952500,32883800,248978600,38701200
2024-07-11,64710600,23111200,25625800,44565000,374782700,53054200
2024-07-12,53046500,16324300,22898400,30598500,252680500,53084400
2024-07-15,62631300,14429400,16474000,40683200,208326200,40584300
2024-07-16,43234300,17175700,18290700,33994700,214769500,36475300
2024-07-17,57345900,21778000,20734100,48076100,390086200,57119000
2024-07-18,66034600,20794800,25315700,51043600,320979500,56270400
2024-07-19,49151500,20940400,18881900,43081800,217223800,65509100
2024-07-22,48201800,15808800,24100300,39931900,258068900,43346700
2024-07-23,39960300,13107100,36352700,47537700,173911000,34439600
2024-07-24,61777600,26805800,49585200,41532400,327776900,74515300
2024-07-25,51391200,29943800,44852000,44464200,460067000,61158300
2024-07-26,41601300,23583800,41336900,29506000,293399100,53763800
2024-07-29,36311800,15125800,20293800,33270100,248152100,39515800
2024-07-30,41643800,32687600,18959700,39508600,486833300,46853600
2024-07-31,50036300,42891400,25729100,41667300,473174200,65663400
2024-08-01,62501000,30296400,24531400,70435600,523462300,76428700
2024-08-02,105568600,29437900,29130100,141448400,482027500,82789100
2024-08-05,119548600,40709200,53630700,83149400,552842400,146267400
2024-08-06,69660500,24946500,49004600,59950800,409012100,84826300
2024-08-07,63516400,20650900,25138600,48408200,411440400,70698300
2024-08-08,47161100,20203000,25578800,44616200,391910000,63276600
2024-08-09,42201600,19276700,28602300,36401000,290844200,45619600
2024-08-12,38028100,16762900,15895300,30072800,325559900,42542100
2024-08-13,44155300,19414300,18551700,39237900,312646700,52333100
2024-08-14,41960600,18267000,40591100,28843800,339246400,42446900
2024-08-15,46414000,20752100,31524300,51698500,318086700,60846800
2024-08-16,44340200,22775600,24208600,31489200,302589900,44430700
2024-08-19,40687800,15234000,22416200,31129800,318333600,39121800
2024-08-20,30299000,16387600,18341500,26255200,300087400,33732300
2024-08-21,34765500,16067300,22902000,35599100,257883600,41514600
2024-08-22,43695300,19361900,22493300,32047500,376189100,56121500
2024-08-23,38677300,18493800,13955700,29150100,323230300,50639400
2024-08-26,30602200,13152800,14190400,22366200,331964700,35788600
2024-08-27,35934600,13492900,11821900,29842000,303134600,32693900
2024-08-28,38052200,14882700,16407400,29045000,448101100,41066000
2024-08-29,51906300,17045200,19699800,26407800,453023300,38715200
2024-08-30,52990800,24308300,22123800,43429400,333751600,62700100
2024-09-03,50190600,20313600,38945300,37817500,477155100,60600100
2024-09-04,43840200,15135800,19353800,30309200,372470300,47224900
2024-09-05,36615400,14195500,18688700,40170500,306850700,44264300
2024-09-06,48423000,19609500,37912100,41466500,413638100,68493800
2024-09-09,67180000,15295100,39260500,29037400,273912000,40445800
2024-09-10,51591000,19594300,31118800,36233800,268283700,36394600
2024-09-11,44587100,19266900,29607700,42564700,441422400,75248600
2024-09-12,37455600,17395700,29621500,33544200,366052700,51819600
2024-09-13,36766600,15874600,29591200,26495400,238358300,39310500
2024-09-16,59357400,13834700,18379800,26065500,248772300,36656100
2024-09-17,45519300,18874200,20715600,26091700,231925900,49321000
2024-09-18,59894900,18898000,23677300,34448100,310318900,59044900
2024-09-19,66781300,21706600,26587700,39543200,293506400,75315500
2024-09-20,318679900,55167100,40896400,100378600,382462400,77503100
2024-09-23,54146000,15128900,24150900,36993100,206228500,44116900
2024-09-24,43556100,17015800,23332100,43478900,354966800,46805700
2024-09-25,42308700,13396400,18869200,26391100,284692900,38428600
2024-09-26,36636700,14492000,20319300,36334900,302582900,48336000
2024-09-27,34026000,14896100,21101300,36002300,271009200,42100900
2024-09-30,54541900,16807300,20413900,41583900,226553700,63557400
2024-10-01,63285000,19092900,28338100,36044900,302094500,72668800
2024-10-02,32880600,16582300,17760200,23704100,221845900,38097800
2024-10-03,34044200,13686400,15073100,30204300,277118000,40846500
2024-10-04,37245100,19169700,19047400,40890300,243678100,42939100
2024-10-07,39505400,20919800,22463100,42364200,346250200,49964700
2024-10-08,31855700,19229300,23072700,26372100,285722500,37398700
2024-10-09,33591100,14974300,31181800,26343100,246191600,37912200
2024-10-10,28183500,13848400,14144100,27785000,242311300,44138100
2024-10-11,31759200,14144900,15344300,25751600,170209500,42268000
2024-10-14,39882100,16653100,19016100,22614400,232347700,36217200
2024-10-15,64751400,18900200,20247200,32178900,377831000,54203600
2024-10-16,34082200,15508900,16406000,23456800,264879700,30725400
2024-10-17,32993800,14820000,21453400,25039400,306435900,34393700
2024-10-18,46431500,17145300,19757700,37417700,176090200,37416800
2024-10-21,36254500,14206100,20946500,24639400,264554500,36439000
2024-10-22,38846600,25482200,16568100,29650600,226311600,34183800
2024-10-23,52287000,19654400,18280500,31937100,285930000,49314600
2024-10-24,31109500,13581600,22412500,21647400,172354900,34979900
2024-10-25,38802300,16899100,19828900,29362100,205122100,47268200
2024-10-28,36087100,14882400,32138600,27930800,173586700,30174700
2024-10-29,35417200,17644100,42169000,35690200,157593600,42899700
2024-10-30,47070900,29749100,68890800,37707600,179418100,41435800
2024-10-31,64370100,53971000,44769000,75146800,270039600,60182500
2024-11-01,65276700,24230400,31796500,99687800,207127800,45667500
2024-11-04,44944500,19672300,21492700,38492100,187528200,38217000
2024-11-05,28111300,17626000,18242100,30564800,160537400,39478300
2024-11-06,54561100,26681800,33695500,72292200,242043900,68182000
2024-11-07,42137700,19901800,25352900,52878400,207323300,47233200
2024-11-08,38328800,16891400,22006200,36075800,175665800,46444900
2024-11-11,42005600,24503300,17450400,35456000,182325600,37586800
2024-11-12,40398300,19401200,25134900,38942900,198634700,43006100
2024-11-13,48566200,21502200,23184000,46212900,191903300,47388600
2024-11-14,44923900,30246900,31007500,42620300,194463300,38904100
2024-11-15,47923700,28247600,32504600,86591100,250132900,75988800
2024-11-18,44633700,24727000,20135300,36409900,221205300,37001700
2024-11-19,36211800,18133500,23434900,31197900,227834900,49412000
2024-11-20,35169600,19191700,18997100,32769000,309871700,50032600
2024-11-21,42108300,20780200,59734400,58800000,400946600,46750300
2024-11-22,38168300,24814600,38604600,31530800,236406200,38226400
2024-11-25,90152800,27691100,33135300,40685700,344941900,42441400
2024-11-26,45986200,23458900,20486700,41673700,190287700,45621300
2024-11-27,33498400,18332400,19266500,28061600,226370900,34000200
2024-11-29,28481400,16271900,14257200,24892400,141863200,30177400
2024-12-02,48137100,20207200,23789100,39523200,171682800,31746000
2024-12-03,38861000,18302000,22248700,32214800,164414000,26906600
2024-12-04,44383900,26009400,31615100,48745700,231224300,42787600
2024-12-05,40033900,21697800,21356200,41140200,172621200,28762200
2024-12-06,36870600,18821000,21462400,44178100,188505600,31241500
2024-12-09,44649200,19144400,25389600,46819400,189308600,34742700
2024-12-10,36914800,18469500,54813000,31199900,210020900,37234500
2024-12-11,45205800,19200200,67894100,35385800,184905200,28677700
2024-12-12,32777500,20834800,34817500,28204100,159211400,31543800
2024-12-13,33155300,20177800,25143500,28768100,231514900,35904700
2024-12-16,51694800,23598800,44934900,37552100,237951100,43695200
2024-12-17,51356400,22733500,43504000,35948100,259410300,55773500
2024-12-18,56774100,24444500,34166100,43281400,277444500,108248700
2024-12-19,60882300,22963700,32265200,39918700,209719200,85919500
2024-12-20,147495300,64263700,63462900,88279200,306528600,125716700
2024-12-23,40858800,19152500,25675000,28070000,176053500,57635800
2024-12-24,23234700,7164500,10403300,15007500,105157000,33160100
2024-12-26,27237100,8194200,12046600,16146700,116205600,41219100
2024-12-27,42355300,18117700,18891400,27367100,170582600,64969300
2024-12-30,35557500,13158700,14264700,28321200,167734700,56578800
2024-12-31,39480700,13246500,17466900,24819700,155659200,57052700
2025-01-02,55740700,16896500,20370800,33956600,198247200,50204000
2025-01-03,40244100,16662900,18596200,27515600,229322500,37888500
2025-01-06,45045600,20573600,29563600,31849800,265377400,47679400
2025-01-07,40856000,18139100,26487200,28084200,351782200,60393100
2025-01-08,37628900,15054600,24864800,25033300,227349900,47304700
2025-01-10,61710900,20201100,26665200,36811500,207602500,73105000
2025-01-13,49630700,17604800,21823700,27262700,204808900,47910100
2025-01-14,39435300,16935900,17174900,24711700,195590500,48420600
2025-01-15,39832000,19637800,21776000,31291300,185217300,56900200
2025-01-16,71759100,15300000,17815400,24757300,209235600,43319700
2025-01-17,68488300,26197500,27735100,42370100,201188800,58070600
2025-01-21,98070400,26085700,29971300,39951500,197749000,42532900
2025-01-22,64126500,27803800,26200600,41448200,237651400,48196000
2025-01-23,60234800,18389300,26951400,26404400,155915500,41152100
2025-01-24,54697900,15549500,23877500,25890700,234657600,34604700
2025-01-27,94863400,35647800,41728900,49428300,818830900,70361100
2025-01-28,75707600,23491700,24157900,41587200,579666400,44433300
2025-01-29,45486100,23581400,18218300,26091700,467120600,37177400
2025-01-30,55658300,54586300,24354700,32020700,392925500,39281300
2025-01-31,100959800,34161900,32001100,36110200,388161100,66566900
2025-02-03,73063300,25679100,27838300,37285900,371235700,65857200
2025-02-04,45067300,20532100,43856400,29713800,256550000,33457800
2025-02-05,39620300,16316700,70373900,38727300,262230800,30653100
2025-02-06,29925300,16309800,29297400,60897100,251483600,35771500
2025-02-07,39707200,22886800,49315000,77539300,228186300,50788500
2025-02-10,33115600,20817900,23105600,35419900,216989100,26048700
2025-02-11,53718400,18140600,21239500,23713700,178902400,30056700
2025-02-12,45243300,19121700,22072600,32285200,160278600,45076100
2025-02-13,53614100,23891700,21402500,31346500,197430000,40921300
2025-02-14,40896200,22758500,20448400,27031100,195479600,26910400
2025-02-18,48822500,21423100,29916700,42975100,219176600,26749000
2025-02-19,32204200,24114200,19549400,28566700,167536000,31011100
2025-02-20,32316900,23508700,20441500,30001700,143903600,36554000
2025-02-21,53197400,27524800,35199200,55323900,228217600,76519800
2025-02-24,51326400,26443700,29854200,42387600,251381100,50737200
2025-02-25,48013300,29387400,41913400,58958000,271428700,58266500
2025-02-26,44433600,19619000,35431300,39120600,322553800,43321600
2025-02-27,41153600,21127400,39991000,40548600,443175800,74196700
2025-02-28,56833400,32845700,48130600,51771700,389091100,88744100
2025-03-03,47184000,23007700,40770500,42948400,411381400,74249200
2025-03-04,53798100,29342900,45388000,60853100,398163300,109648200
2025-03-05,47227600,23433100,30954900,38610100,284337900,71230500
2025-03-06,45170400,23304600,28302000,49863800,321181900,80094900
2025-03-07,46273600,22034100,27385800,59802800,341755500,81158800
2025-03-10,72071200,32840100,43604000,62350900,366487400,99326600
2025-03-11,76137400,30380200,39587400,54002900,354865700,88102100
2025-03-12,62547500,24253600,28372400,43679300,323857500,69588200
2025-03-13,61368300,20473000,31756200,41270800,299033100,74079400
2025-03-14,60107600,19952800,31995900,38096700,277593500,62660300
2025-03-17,48073400,22474300,31184300,47341800,255501500,49008700
2025-03-18,42432400,19486900,42074800,40414900,299686900,66041400
2025-03-19,54385400,19185500,34275600,39442900,273426200,66556000
2025-03-20,48862900,18470500,28138500,38921100,248829700,62958200
2025-03-21,94127800,39675900,36625800,60056900,266498500,83763000
2025-03-24,44299500,21004500,30879100,41625400,228452500,58766800
2025-03-25,34493600,15775000,24174400,31171200,167447200,38355700
2025-03-26,34466100,16108400,28901600,32855300,293463300,51848300
2025-03-27,37094800,13766800,24508300,27317700,236902100,42164200
2025-03-28,39818600,21632000,48669300,52548200,229872500,71662700
2025-03-31,65299300,35184700,54603500,63547600,299212700,95328200
2025-04-01,36412700,19689500,30672900,41267300,222614000,54609600
2025-04-02,35905900,16092600,25041700,53679200,220601200,76014500
2025-04-03,103419000,30198000,46883400,95553600,338769400,125986000
2025-04-04,125910900,49209900,62259500,123159400,532273800,217965100
2025-04-07,160466300,50425000,76794100,109327100,611041300,256611400
2025-04-08,120859500,35868900,52200200,87710400,476243400,165816600
2025-04-09,184395900,50199700,70406200,116804300,612918300,241867300
2025-04-10,121880000,38024400,48022000,68302000,437812400,162331200
2025-04-11,87435900,23839200,33636200,50594300,313417300,97866300
2025-04-14,101352900,19251200,30333000,48002500,264705000,68034000
2025-04-15,51343900,17199900,27551500,43642000,228966900,56892900
2025-04-16,59732400,21967800,28187400,51875300,397016900,83484800
2025-04-17,52164700,21120200,33046600,44726500,292517500,79868100
2025-04-21,46742500,20807300,26049100,48126100,288501100,69368100
2025-04-22,52976400,19485000,26971800,56607200,241004800,75948100
2025-04-23,52929200,20545500,31128800,63470100,247526000,90590700
2025-04-24,47311000,22232300,45894000,43763200,220815000,64150400
2025-04-25,38222300,18973200,56034000,36414300,251064700,61119600
2025-04-28,38743100,16579400,29745800,33224700,207708500,47613800
2025-04-29,36827600,14974000,26809000,41667300,170444300,47775100
2025-04-30,52286500,36461100,34981100,55176500,235044600,93101500
2025-05-01,57365700,58938100,30203200,74266000,236121500,63186100
2025-05-02,101010600,30757400,25715000,77903500,190194800,60717300
2025-05-05,69018500,20136100,21341800,35217500,133163200,38659200
2025-05-06,51216500,15104200,21277200,29314100,158525600,48264700
2025-05-07,68536700,23295300,127490100,43948600,206758800,55588000
2025-05-08,50478900,23491300,57498700,41043600,198428100,65130800
2025-05-09,36453900,15324200,32435300,29663100,132972200,37603400
2025-05-12,63775800,22821900,44138800,75205000,225023300,78993600
2025-05-13,51909300,23618800,42382100,56193700,330430100,67947200
2025-05-14,49325800,19902800,48755900,38492100,281180800,66283500
2025-05-15,45029500,21992300,33146700,64347300,226632600,71268100
2025-05-16,54737900,23849800,42846900,43318500,226542500,76052100
2025-05-19,46140500,21336500,30426100,34314800,193154600,68168500
2025-05-20,42496600,15441800,46607700,29470400,161514200,60614500
2025-05-21,59211800,19216900,73416000,42460900,270608700,95197700
2025-05-22,46742400,18025600,74864400,38938900,187344000,70860400
2025-05-23,78432900,16883500,35211400,33393500,198821300,76029000
2025-05-27,56288500,20974300,37995700,34892000,192953600,72588500
2025-05-28,45339700,17086300,34784000,28549800,304021100,68445500
2025-05-29,51396800,13974800,29317300,34650000,369241900,69973300
2025-05-30,70819900,34770500,52639900,51679400,333170900,90601200
2025-06-02,35423300,16626500,38612300,29113300,197663100,61630500
2025-06-03,46381600,15743800,45084900,33139100,225578800,63606200
2025-06-04,43604000,14162700,26900800,29915600,167120800,57314200
2025-06-05,55126100,20131700,36379100,51864200,231397900,92278700
2025-06-06,46607700,15285600,35731800,39832500,153986200,66588700
2025-06-09,72862600,16469900,28935900,38102500,185114500,53016400
2025-06-10,54672600,15375900,61766100,31303300,155881900,66247000
2025-06-11,60989900,16399200,31646800,39326000,167694000,73658200
2025-06-12,43904600,18950600,20941900,27640000,162365000,64129000
2025-06-13,51447300,16814500,27663100,29337800,180820600,89506000
2025-06-16,43020700,15626100,27389200,33284200,183133700,79984100
2025-06-17,38856200,15414100,24973000,32086300,139108000,82209400
2025-06-18,45394700,17526500,28707500,44360500,161494100,76605000
2025-06-20,96813500,37576200,75659900,75350700,242956200,94051400
2025-06-23,55814300,24864000,57671000,37311700,154308900,87426000
2025-06-24,54064000,22305600,40524300,38378800,187566100,67735300
2025-06-25,39525700,17495100,35479000,31755700,269146500,62114800
2025-06-26,50799100,21578900,31796700,50480800,198145700,78548400
2025-06-27,73188600,34539200,108140200,119217100,263234500,86258400
2025-06-30,91912800,28369000,63378900,58887800,194580300,92502500
2025-07-01,78788900,19945400,35904500,39256800,213143600,70030100
2025-07-02,67941800,16319600,29128900,30894200,171224100,66510400
2025-07-03,34955800,13984800,21689700,29632400,143716100,51065800
2025-07-07,50229000,13981600,34175600,36604100,140139000,74814500
2025-07-08,42848900,11846600,40442500,45692000,138133000,59024600
2025-07-09,48749400,18659500,43025600,38155100,183656400,66113300
2025-07-10,44443600,16492100,29252400,30370600,167704100,57529000
2025-07-11,39765800,16459500,34282900,50518300,193633300,63670200
2025-07-14,38840100,12058800,32536600,35702600,136975800,51898500
2025-07-15,42296300,14927200,33448300,34907300,230627400,74317300
2025-07-16,47490500,15154400,33104200,39535900,158831500,88987500
2025-07-17,48068100,17503100,31992600,31855800,160841100,68885700
2025-07-18,48974600,21209700,34014500,37833800,146456400,65621600
2025-07-21,51377400,14066800,45803100,40297600,123126100,63375000
2025-07-22,46404100,13868600,44660200,37483700,193114300,60046300
2025-07-23,46989300,16396600,58681900,28294900,154082200,70511000
2025-07-24,46022600,16107000,74881700,42902300,128984600,71307100
2025-07-25,40268800,19125700,39785900,28712100,122316800,56865400
2025-07-28,37858000,14308000,38139500,26300100,140023500,54917100
2025-07-29,51411700,16469200,41389200,33716200,154077500,60556300
2025-07-30,45512500,26380400,32445400,32993300,174312200,80418900
2025-07-31,80698400,51617300,51329200,104357300,221685400,103385200
2025-08-01,104434500,28977600,34832200,122258800,204529000,140103600
2025-08-04,75109300,25349000,31547400,77890100,148174600,73218000
2025-08-05,44155100,19171600,31602300,51505100,156407600,68051400
2025-08-06,108483100,21355700,21562900,54823000,137192300,64357500
2025-08-07,90224800,16079100,26321800,40603500,151878400,74205800
2025-08-08,113854000,15531000,39161800,32970500,123396700,64051600
2025-08-11,61806100,20194400,25832400,31646200,138323200,58742300
2025-08-12,55626200,18667000,30397900,37185800,145485700,64730800
2025-08-13,69878500,19619200,28342900,36508300,179871700,60092800
2025-08-14,51916300,20269100,25230400,61545800,129554000,59327500
2025-08-15,56038700,25213300,34931400,39649200,156602200,68592500
2025-08-18,37476200,23760600,18526600,25248900,132008000,43804900
2025-08-19,39402600,21481000,24240200,29891000,185229200,69750700
2025-08-20,42263900,27723000,28955500,36604300,215142700,88890300
2025-08-21,30621200,18443300,19774600,32140500,140040900,54805800
2025-08-22,42477800,24324200,42827000,37315300,172789400,84083200
2025-08-25,30983100,21638600,29928900,22633700,163012800,51274300
2025-08-26,54575100,30835700,28464100,26105400,168688200,51581600
2025-08-27,31259500,17277900,23022900,21254500,235518900,48341100
2025-08-28,38074700,18015600,32339300,33679600,281787800,61519500
2025-08-29,39418400,20961600,39728400,26199200,243257900,74522200
2025-09-02,44075600,18128000,47523000,38843900,231164900,81983500
2025-09-03,66427800,16345100,103336100,29223100,164424900,70820900
2025-09-04,47549400,15509500,51684200,59391800,141670100,65219200
2025-09-05,54870400,31994800,46588900,36721800,224441400,85178900
2025-09-08,48999500,16771000,32474700,33947100,163769100,63133100
2025-09-09,66313900,14410500,38061000,27033800,157548400,66133900
2025-09-10,83440800,21611800,35141100,60907700,226852000,78034500
2025-09-11,50208600,18881600,30599300,37485600,151159300,69934400
2025-09-12,55824200,23624900,26771600,38496200,124911000,72780100
2025-09-15,42699500,17143800,58383800,33243300,147061600,63772400
2025-09-16,63421100,19711900,34109700,38203900,140737800,61169000
2025-09-17,46508000,15816600,34108000,42815200,211843800,101952200
2025-09-18,44249600,18913700,31239500,37931700,191763300,90459200
2025-09-19,163741300,52474100,55571400,97943200,237182100,97945600
2025-09-22,105517400,20009300,32290500,45914500,269637000,69452200
2025-09-23,60275200,19799600,26628000,70956200,192559600,81708900
2025-09-24,42303700,13533700,28201000,49509000,143564100,68082200
2025-09-25,55202100,15786500,31020400,52226300,191586700,89622100
2025-09-26,46076300,16213100,18503200,41650100,148573700,69179200
2025-09-29,40127700,17617800,32505800,44259200,193063500,73499000
2025-09-30,37704300,19728200,34724300,48396400,236981000,86288000
2025-10-01,48713900,22632300,31658200,43933800,173844900,72545400
2025-10-02,42630200,21222900,25483300,41258600,136805800,56896000
2025-10-03,49155600,15112300,30249600,43639000,137596900,70494400
2025-10-06,44664100,21388600,28894700,43690900,157678100,54623300
2025-10-07,31955800,14615200,23181300,31194700,140088000,72020100
2025-10-08,36496900,13363400,21307100,46686000,130168900,60702200
2025-10-09,38322000,18343600,27892100,46412100,182997200,66501900
2025-10-10,61999100,24133800,33180300,72367500,268774400,159422600
2025-10-13,38142900,14284200,24995000,37809700,153482800,79560500
2025-10-14,35478000,14684300,22111600,45665600,205641400,88779600
2025-10-15,33893600,14694700,27007700,45909500,214450500,81702600
2025-10-16,39777000,15559600,27997200,42414600,179723300,110563300
2025-10-17,49147000,19867800,29671600,45986900,173135200,96500900
2025-10-20,90483000,14665600,22350200,38882800,128544700,60493400
2025-10-21,46695900,15586200,47312100,50494600,124240200,56249000
2025-10-22,45015300,18962700,35029400,44308500,162249600,80564000
2025-10-23,32754900,14023500,19901400,31540000,111363700,65604500
2025-10-24,38253700,15532400,28655100,38685100,131296700,74356500
2025-10-27,44888200,18734700,35235200,38267000,153452700,63339800
2025-10-28,41534800,29986700,29738600,47100000,297986200,61738100
2025-10-29,51086700,36023000,43580300,52036200,308829600,85657100
2025-10-30,69886500,41023100,74876000,102252900,178864400,76335800
2025-10-31,86167100,34006400,39267900,166340800,179802200,87164100
2025-11-03,50194600,22374700,29786000,95997800,180267300,57315000
2025-11-04,49274800,20958700,30078400,51546300,188919300,78427000
2025-11-05,43683100,23024300,31010300,40610700,171350300,74402400
2025-11-06,51204000,27406500,37173600,46004200,223029800,85035300
2025-11-07,48227400,24019800,34479600,46374300,264942300,100592400
2025-11-10,41312400,26101500,29557300,36476500,198897100,75842900
2025-11-11,46208300,17980000,19842100,23564100,176483300,58953400
2025-11-12,48398000,26574900,24829900,31190100,154935300,62312500
2025-11-13,49602800,25273100,29494000,41401700,207423100,103457800
2025-11-14,47431300,28505700,31647200,38956700,186591900,96846700
2025-11-17,45018300,19092800,52670200,59919000,173628900,90456100
2025-11-18,45677300,33815100,49158700,60608400,213598900,114467500
2025-11-19,40424500,23245300,68198900,58335600,247246400,94703000
2025-11-20,45823600,26802500,62025200,50309000,343504800,165293500
2025-11-21,59030800,31769200,74137700,68490500,346926200,123956200
2025-11-24,65585800,34421000,85165100,54318400,256618300,80437900
2025-11-25,46914200,28019800,88632100,39379300,320600300,81077100
2025-11-26,33431400,25709100,51373400,38497900,183852000,71879600
2025-11-28,20135600,14386700,26018600,20292300,121332800,49212000
2025-12-01,46587700,23964000,41183000,42904000,188131000,61201200
2025-12-02,53669500,19562700,35854700,45785400,182632200,62953800
2025-12-03,43538700,34615100,41838300,35495100,165138000,57238500
2025-12-04,43989100,22318200,31240900,45683200,167364900,61970300
2025-12-05,47265800,22608700,28851700,33117400,143971100,79241000
2025-12-08,38211800,21965900,33909400,35019200,204378100,55231500
2025-12-09,32193300,14696100,30194000,25841700,144719700,58310100
2025-12-10,33038300,35756200,33428900,38790700,162785400,85671300
2025-12-11,33248000,24669200,42353700,28249600,182136600,86173700
2025-12-12,39532900,21248100,35940200,35639100,204274900,113160300
2025-12-15,50409100,23727700,29151900,47286100,164775600,90811000
2025-12-16,37648600,20705600,30585000,39298900,148588100,122030600
2025-12-17,50138700,24527200,43930400,44034400,222775500,110625200
2025-12-18,51630700,28573500,33518000,50272400,176096000,108650100
2025-12-19,144632000,70836100,59943200,85544400,324925900,103599500
2025-12-22,36571800,16963000,26429900,32261300,129064400,69556700
2025-12-23,29642000,14683600,25478700,29230200,174873600,64840000
2025-12-24,17910600,5855900,10097400,11420500,65528500,39445600
2025-12-26,21521800,8842200,10899000,15994700,139740300,41613300
2025-12-29,23715200,10893400,19621800,19797900,120006100,62559500
2025-12-30,22139600,13944500,17380900,21910500,97687300,47160700
2025-12-31,27293600,15601600,16377700,24383700,120100500,74144800
2026-01-02,37838100,25571600,32009400,51456200,148240500,89377200
2026-01-05,45647200,25250300,30195600,49733300,183529700,71927200
2026-01-06,52352100,23037700,31212100,53764700,176862600,69273800
2026-01-07,48309800,25564200,35104400,42236500,153543200,75588300
2026-01-08,50419300,18162600,31896100,39509800,172457000,64019200
2026-01-09,39997000,18491000,26214200,34560000,131327500,80125500
2026-01-12,45263800,23519900,33923900,35867800,137968500,63976000
2026-01-13,45730800,28545800,33517600,38371800,160128900,78309700
2026-01-14,40019400,28184300,28525600,41410600,159586100,94676700
2026-01-15,39388600,23225800,28442400,43003600,206188600,77862000
2026-01-16,72142800,34246700,40341600,45888300,187967200,79289200
2026-01-20,80267500,26130000,35361000,47737900,223345300,111623300
2026-01-21,54641700,37980500,35386600,47276100,200381000,127844500
2026-01-22,39708300,25349400,26253600,31913300,139636600,77112200
2026-01-23,41689000,38000200,27280000,33778500,142748100,63059600
2026-01-26,55969200,29291200,26042100,32825500,124799600,60473800
2026-01-27,49648300,29213900,21636200,38029200,143711600,55506100
2026-01-28,41288000,36875400,27434400,40882700,148552700,61172200
2026-01-29,67253000,128855300,39785600,47229600,171764400,97486200
2026-01-30,92443400,58566800,31024000,46585000,179489500,101835100
2026-02-02,73913400,42219900,32006100,37546100,165794100,79286500
2026-02-03,64394700,61424100,36506700,53831300,204019600,107904600
2026-02-04,90545700,45012400,70618400,51299900,207014100,105204600
2026-02-05,52977400,66289200,88205800,103509200,206312900,113610800
2026-02-06,50453400,53515300,56380500,179210900,231346200,89127600
2026-02-09,44623400,45480500,39640100,91178400,196387400,73885200
2026-02-10,34376900,44857900,39170000,67175000,136764800,65185700
2026-02-11,51931300,42491000,45406400,65545500,144192700,76353900
2026-02-12,81077200,40802400,47761300,83975400,189932500,118829000
2026-02-13,56290700,34091600,38499700,66321600,161888000,96267500
2026-02-17,58469100,32078800,39247600,69879200,162276900,81354700
2026-02-18,34203300,23223400,28482100,51003300,164749100,73570300
2026-02-19,30845300,28234000,25834400,35669600,126554500,58649400
2026-02-20,42070500,34015200,53210800,65881600,178422300,100034000
2026-02-23,37308200,43238300,31423000,53581500,171584800,90558100
2026-02-24,47014600,33884700,25615600,41137200,175123600,73798700
2026-02-25,33714300,43625500,29963600,41346400,250637100,56369500
2026-02-26,32345100,34405900,36431200,47756800,360807900,71671000
2026-02-27,72366500,51367200,44640600,57422800,311636500,83308900
2026-03-02,41827900,35474900,34790200,46001000,209095300,87477200
2026-03-03,38568900,38199200,35497000,43184900,178099400,105003100
2026-03-04,39803100,35808000,29536200,54731100,177731200,79182200
2026-03-05,49658600,39001300,35752300,60943400,198779700,106606500
2026-03-06,41120000,31123900,25576900,51152700,189021900,100687000
2026-03-09,38218500,30131900,29312100,54642900,177213600,102667700
2026-03-10,30590800,31706400,23239700,35678800,179118500,81505300
2026-03-11,26218900,25512100,24125700,34199300,145280400,68441700
2026-03-12,40794000,27263900,24928300,44349500,155762700,108882200
2026-03-13,36930000,26848000,23693100,35662100,160988400,97200200
2026-03-16,32074200,27733700,23519700,42209300,217307400,82023100
2026-03-17,32361600,26228300,21955200,44969900,182497800,87128000
2026-03-18,35757900,25908500,20009800,37846600,156683100,82062600
2026-03-19,34864100,25138800,25075800,36440600,170968500,111272500
2026-03-20,88331100,50853200,44364100,63694600,241323500,163617500
2026-03-23,40546100,29680100,29326900,44277400,182836300,134802700
2026-03-24,45152300,42733600,36864300,35351400,147667800,96457500
2026-03-25,28476700,31181200,29460700,36388800,162602100,90653800
2026-03-26,41796700,36836600,39080600,46746000,186152200,96494400
2026-03-27,47900000,37883400,35890600,56009800,196212700,103649400
2026-03-30,39446200,44797000,35141200,46373800,185627000,99275900
2026-03-31,49598100,45244400,43875400,58470100,226181300,152534100
2026-04-01,40059400,29417200,37684500,45955400,168132000,97841500
2026-04-02,31289400,24099100,21666500,31453000,143143200,68358700
2026-04-06,29329900,16146600,16945500,25385500,107564300,39105800
2026-04-07,62148000,21443300,23205400,28154600,132534900,69980400
2026-04-08,41032800,33064800,33547100,51092700,147732700,93606100
2026-04-09,28121600,30435300,23739200,65964200,116428500,57134400
2026-04-10,31291500,28111100,19152600,56912800,160459500,42253500
2026-04-13,36234700,35745800,18866400,42166200,133648200,54185800
2026-04-14,48370700,37504500,27721400,72685000,161307000,63480500
2026-04-15,49913500,45063400,24918800,43045200,185338400,58240400
2026-04-16,43323100,41642400,20541500,41895700,134012900,49972400
2026-04-17,61436200,48568200,25581900,52029300,160324400,70661900
2026-04-20,36590200,27582200,18784200,39463100,119381400,43546800
2026-04-21,50209800,32048500,23123800,42922400,107945300,58941400
2026-04-22,43249200,29378200,20293000,36065100,107501000,42518500
2026-04-23,33399600,38308000,18650300,39091400,113561800,56174000
2026-04-24,38157100,27457400,26426100,53777400,214134400,45182000
2026-04-27,41466800,30867300,28576900,44906800,187172400,33135900
2026-04-28,40018900,30438100,27824100,42204400,180275400,43117400
2026-04-29,30047900,38288300,35376300,72367900,123711800,41859200
2026-04-30,91848200,70909400,72040000,100974900,225239200,67240900
2026-05-01,79915400,31372400,30105200,50825200,128647000,43049800
2026-05-04,46668400,28066500,26298600,49083700,125368100,51950600
2026-05-05,49311700,25700900,23878600,41908500,113406600,36933200
2026-05-06,58336100,30285900,31308500,44552000,188362800,53288900
2026-05-07,45224300,34942400,24433500,35892900,168307900,51724600
2026-05-08,52692800,33383800,21461800,34732700,136421400,47227100
2026-05-11,42247300,35657900,30753700,38176700,160685800,44024000
2026-05-12,45748100,38594200,26017500,36776200,159176600,54185300
2026-05-13,52684300,29667100,28144600,39670900,150405400,44200200
2026-05-14,35324900,27077500,21136700,31338400,180782900,45307600
2026-05-15,54862800,50771200,20309700,40770300,180977600,60410800
2026-05-18,34483000,32564100,26837200,33690800,146280900,47843900
2026-05-19,42243600,33018700,39545700,40340700,140948200,54255900
2026-05-20,38229800,27864000,31744400,34933200,184201600,45768000
2026-05-21,42965100,31393500,24852800,36591700,203381800,43332200
2026-05-22,43670200,22390300,20442100,27535500,169275700,41762000
2026-05-26,48000500,30398000,27747400,38028100,187202600,41123600
2026-05-27,50430900,28901500,23087300,40061900,167601200,42106300
2026-05-28,48220400,47250500,24357500,40630400,143996000,41562600
2026-05-29,70026800,79654400,44415800,54749600,289410600,55075700
2026-06-01,48849900,53628900,28672100,53604400,212850700,43634900
2026-06-02,44534700,37036800,50412300,41811000,193362900,31581900
2026-06-03,50836700,39037000,55441600,51394200,160907000,51402500
2026-06-04,44869100,26899500,44055500,35609800,169022200,49923000
2026-06-05,65310500,34782200,37471200,55607800,219655500,93989400
2026-06-08,77949100,32086700,27942500,33899500,138372800,49319100
2026-06-09,70108800,35317300,29535100,44425400,180962500,87683500
2026-06-10,52793300,32576000,32357100,38590200,161746600,60341300
2026-06-11,42572500,47224100,35538200,41335400,158643200,86330500
2026-06-12,38742100,34865800,24704600,51186600,112001800,57079500
2026-06-15,45732600,32266400,27727500,41711600,149936700,60176400
2026-06-16,39874400,31506800,24876100,35187400,125694100,67093100
2026-06-17,42745100,41987800,24543600,44780800,128363500,85945200
2026-06-18,85962200,59714200,44470100,75624400,241272000,80875700
2026-06-22,44879900,45171100,52814800,68388500,122041400,46628100
2026-06-23,52010900,40647600,34007700,60492600,153496200,66846800
2026-06-24,53081900,44509900,44997300,70282600,151810700,57439500
2026-06-25,107013700,66179000,44491400,77674100,149550000,53934400
2026-06-26,261775500,186201600,114706300,248372100,179304100,71034000
2026-06-29,66427000,51229900,34213900,77619200,148835700,58035200
2026-06-30,65100200,44945700,35237200,66228300,166476700,55626000
2026-07-01,50164200,48065800,26736400,53829900,146147600,47100900
2026-07-02,75352800,42128900,25974800,48246400,142068700,57447800
2026-07-06,53590000,34224500,26915800,40044000,108999000,50673300
2026-07-07,42490000,29297500,24045600,40579600,124154600,43721500
2026-07-08,41323500,25908300,22094800,29653000,147419100,43767400
2026-07-09,48124500,31083200,24729100,38091700,132037400,41441700
2026-07-10,34132300,24644600,18146100,31654000,148421000,42191300
2026-07-13,43257800,28914900,15901700,34636100,121411000,44013600
2026-07-14,36336800,27863900,18259400,30108100,124379600,35143100
2026-07-15,60957600,36253700,28284600,45240600,124797200,43844800
2026-07-16,62970600,37047400,41158500,45343700,122986100,46409800
2026-07-17,63407100,33049800,29959300,43572400,144281900,62651000
2026-07-20,53468000,27915800,24736600,32406500,88701500,50422300
2026-07-21,41338900,24126600,23369800,27732100,108685600,34324300
2026-07-22,38755900,28142500,39334100,34112700,137645600,32836200
2026-07-23,40840800,30351800,69419700,47465300,110505300,55437300
2026-07-24,47489400,27659400,31806600,35017400,114836800,44782000
2026-07-27,49604300,27856200,28471600,34999500,154353700,41461200
2026-07-28,51859000,32367500,29511900,44521600,134111500,47322200
2026-07-29,56090800,47209000,27501600,44957500,147680800,70697200
2026-07-30,74817800,110160700,30168000,101839800,129010200,66811300
2026-07-31,132489100,60846000,46498000,129054800,139961200,62445900
2026-08-03,75052000,66762100,38669700,90830200,128406900,59927500
2026-08-04,68001000,50455500,35705700,69748100,134922000,69154800
2026-08-05,49438800,33388900,46926300,45119800,158187400,44689100
2026-08-06,46139900,36441500,25235900,30672900,113940600,38416900
2026-08-07,34437200,28846200,19859900,33861400,105669400,43586300
2026-08-10,44812500,31206100,18991400,35731900,115846600,39249500
2026-08-11,37476700,23049800,29081800,31895700,101273100,36740600
2026-08-12,41657800,29001500,25012000,29941100,108783600,33179100
2026-08-13,40349300,23039000,17866100,32170200,98867200,35634500
2026-08-14,28229400,16217600,17808600,27251700,75680900,31367900
2026-08-17,38169300,29635800,18291300,43896500,93678700,34356600
2026-08-18,53424500,24087600,19248800,33171300,103128200,43920900
2026-08-19,50505600,19961900,19733800,35762400,96797300,40306000
2026-08-20,40959200,20020800,18570400,28374100,92457000,45520300
2026-08-21,46876800,22510800,20849800,35723000,98869300,39188700
2026-08-24,34673600,17230800,26338200,28070500,135187300,32430900
2026-08-25,25869800,19519000,20649700,25550200,122309000,27422300
2026-08-26,34024500,20758900,20420300,21528400,179900000,28751600
2026-08-27,32419200,28688800,23391400,35927800,298909800,34557100
2026-08-28,38649400,29207300,25347200,49547400,195116400,36744300
2026-08-31,41242700,27208900,33493600,46089400,124702700,38810800
2026-09-01,53167400,21046900,23342700,31700100,109756200,41126300
2026-09-02,33776400,15336100,22582300,24013300,157104700,29566200
2026-09-03,37225800,24125900,20726900,26891500,134681600,43531600
2026-09-04,39606900,18101800,23189300,30749900,135352400,34054200
2026-09-08,35477100,18882300,22915800,29398000,122965600,44746100
2026-09-09,65640000,12889600,33151600,33055500,82955500,32812400
2026-09-10,70011900,16038800,23557600,25484800,105768000,42740400
2026-09-11,50716900,14510500,24708300,26724100,89060100,45512700
2026-09-14,39269100,23091900,35905400,34352800,132267200,43992400
2026-09-15,31748200,17794600,21928600,36275400,88059700,46195000
2026-09-16,35981000,16670300,18928900,33488500,96563600,59217700
2026-09-17,36700200,17841600,19238400,30438800,94191300,49652800
2026-09-18,86588200,39622300,47631800,52274700,190287400,65395100
2026-09-21,34999200,27959900,30455400,42979400,109806100,50484700
2026-09-22,40711800,21652800,29788600,41982600,95746700,34802300
2026-09-23,31658800,19445600,35576200,44209200,89547300,54931700
2026-09-24,24733100,16657600,23777200,33040100,77469900,43983700
2026-09-25,30002500,38193100,21880800,34263900,89947700,36666700
2026-09-28,32820800,19626900,19318300,32596700,142344300,42694500
2026-09-29,38478000,21341800,21066900,33730400,101494900,36910500
2026-09-30,49988600,27223300,37373700,41913100,121732200,62110000
2026-10-01,36306300,19731900,33269300,33243900,98591400,47708100
2026-10-02,33245500,17803300,23738200,33393100,134914600,46306400
